track.name,artist.name,grammy.year,danceability,energy,key,loudness,mode,speechiness,acousticness,instrumentalness,liveness,valence,tempo,type,id,uri,track_href,analysis_url,duration_ms,time_signature,grammy.win
Gigi,Various Artists,1959,0.301,0.132,0,-14.95,1,0.0342,0.832,7.36E-06,0.211,0.369,167.237,audio_features,6j7o72c7jVIlvJOW6PgWeT,spotify:track:6j7o72c7jVIlvJOW6PgWeT,https://api.spotify.com/v1/tracks/6j7o72c7jVIlvJOW6PgWeT,https://api.spotify.com/v1/audio-analysis/6j7o72c7jVIlvJOW6PgWeT,215733,3,0
Witchcraft - Remastered 2000,Frank Sinatra,1959,0.504,0.247,0,-13.02,1,0.0342,0.71,0,0.157,0.434,116.124,audio_features,6fiFNYu2041YiEqSijti88,spotify:track:6fiFNYu2041YiEqSijti88,https://api.spotify.com/v1/tracks/6fiFNYu2041YiEqSijti88,https://api.spotify.com/v1/audio-analysis/6fiFNYu2041YiEqSijti88,173067,4,0
Fever,Peggy Lee,1959,0.838,0.171,4,-12.614,0,0.0729,0.23,0,0.11,0.397,135.925,audio_features,3aPlQWU07jGgyHaBHVS5TS,spotify:track:3aPlQWU07jGgyHaBHVS5TS,https://api.spotify.com/v1/tracks/3aPlQWU07jGgyHaBHVS5TS,https://api.spotify.com/v1/audio-analysis/3aPlQWU07jGgyHaBHVS5TS,199600,4,0
Catch A Falling Star - Remastered - 1992,Perry Como,1959,0.702,0.254,0,-11.369,1,0.0604,0.87,0,0.115,0.576,118.998,audio_features,14ZpFMyZKRFZfaVCiOBLYE,spotify:track:14ZpFMyZKRFZfaVCiOBLYE,https://api.spotify.com/v1/tracks/14ZpFMyZKRFZfaVCiOBLYE,https://api.spotify.com/v1/audio-analysis/14ZpFMyZKRFZfaVCiOBLYE,149040,4,0
Small World,Johnny Mathis,1960,0.248,0.413,4,-9.095,1,0.035,0.658,0,0.14,0.313,113.593,audio_features,2DugUShG2wj81Zf51l29Je,spotify:track:2DugUShG2wj81Zf51l29Je,https://api.spotify.com/v1/tracks/2DugUShG2wj81Zf51l29Je,https://api.spotify.com/v1/audio-analysis/2DugUShG2wj81Zf51l29Je,200933,3,0
Like Young,André Previn,1960,0.448,0.272,5,-17.019,0,0.0265,0.308,3.06E-05,0.261,0.546,63.021,audio_features,4mMKdVHkaHyza6UOeFZR0m,spotify:track:4mMKdVHkaHyza6UOeFZR0m,https://api.spotify.com/v1/tracks/4mMKdVHkaHyza6UOeFZR0m,https://api.spotify.com/v1/audio-analysis/4mMKdVHkaHyza6UOeFZR0m,194213,4,0
High Hopes - Remastered,Frank Sinatra,1960,0.723,0.218,3,-9.071,1,0.0336,0.784,0,0.171,0.774,138.366,audio_features,1L8GpUwKMTLvQWoa3qvyvt,spotify:track:1L8GpUwKMTLvQWoa3qvyvt,https://api.spotify.com/v1/tracks/1L8GpUwKMTLvQWoa3qvyvt,https://api.spotify.com/v1/audio-analysis/1L8GpUwKMTLvQWoa3qvyvt,160507,4,0
He'll Have to Go,Jim Reeves,1961,0.554,0.186,1,-15.846,1,0.0379,0.909,0.00144,0.11,0.2,81.181,audio_features,7DH5dXVuQaqcKf9oTy9oUN,spotify:track:7DH5dXVuQaqcKf9oTy9oUN,https://api.spotify.com/v1/tracks/7DH5dXVuQaqcKf9oTy9oUN,https://api.spotify.com/v1/audio-analysis/7DH5dXVuQaqcKf9oTy9oUN,138640,3,0
Nice 'n' Easy - Remastered,Frank Sinatra,1961,0.536,0.148,0,-14.903,1,0.031,0.772,0,0.101,0.509,109.295,audio_features,5Z7bkW3dsu8jLdv3dEGxly,spotify:track:5Z7bkW3dsu8jLdv3dEGxly,https://api.spotify.com/v1/tracks/5Z7bkW3dsu8jLdv3dEGxly,https://api.spotify.com/v1/audio-analysis/5Z7bkW3dsu8jLdv3dEGxly,165760,4,0
"The Theme from ""A Summer Place"" - Single Version",Percy Faith & His Orchestra,1961,0.466,0.389,5,-12.825,1,0.0253,0.631,0.843,0.295,0.749,92.631,audio_features,2kKL5kk4On8YRSKWDgXWMX,spotify:track:2kKL5kk4On8YRSKWDgXWMX,https://api.spotify.com/v1/tracks/2kKL5kk4On8YRSKWDgXWMX,https://api.spotify.com/v1/audio-analysis/2kKL5kk4On8YRSKWDgXWMX,144893,4,0
The Second Time Around,Henry Mancini,1961,0.307,0.476,7,-6.847,0,0.0294,0.895,0,0.0947,0.177,88.884,audio_features,3kNXPvppnZmDoaxinqevQp,spotify:track:3kNXPvppnZmDoaxinqevQp,https://api.spotify.com/v1/tracks/3kNXPvppnZmDoaxinqevQp,https://api.spotify.com/v1/audio-analysis/3kNXPvppnZmDoaxinqevQp,171533,4,0
A Little Bitty Tear,Burl Ives,1962,0.58,0.209,0,-15.516,1,0.0464,0.896,0.243,0.116,0.831,72.103,audio_features,3XhTHMleuyoQCP8jxOeIhD,spotify:track:3XhTHMleuyoQCP8jxOeIhD,https://api.spotify.com/v1/tracks/3XhTHMleuyoQCP8jxOeIhD,https://api.spotify.com/v1/audio-analysis/3XhTHMleuyoQCP8jxOeIhD,125400,4,0
Big Bad John,Jimmy Dean,1962,0.504,0.361,8,-16.679,1,0.184,0.528,0,0.123,0.401,173.366,audio_features,4cRJvAh0BwNng8nO5Vnf5F,spotify:track:4cRJvAh0BwNng8nO5Vnf5F,https://api.spotify.com/v1/tracks/4cRJvAh0BwNng8nO5Vnf5F,https://api.spotify.com/v1/audio-analysis/4cRJvAh0BwNng8nO5Vnf5F,180893,4,0
Lollipops And Roses,Jack Jones,1962,0.266,0.163,6,-14.202,1,0.0381,0.899,0.000761,0.184,0.14,119.257,audio_features,67JIfYdnRNXSSP1uPRmE2j,spotify:track:67JIfYdnRNXSSP1uPRmE2j,https://api.spotify.com/v1/tracks/67JIfYdnRNXSSP1uPRmE2j,https://api.spotify.com/v1/audio-analysis/67JIfYdnRNXSSP1uPRmE2j,246093,4,0
Make Someone Happy,The Original Broadway Cast Of Do Re Mi,1962,0.363,0.255,5,-11.031,1,0.0382,0.97,0.000157,0.366,0.249,89.852,audio_features,6rusp1ichBiuTuh24P4Ouh,spotify:track:6rusp1ichBiuTuh24P4Ouh,https://api.spotify.com/v1/tracks/6rusp1ichBiuTuh24P4Ouh,https://api.spotify.com/v1/audio-analysis/6rusp1ichBiuTuh24P4Ouh,168173,4,0
(I Left My Heart) In San Francisco,Tony Bennett,1963,0.313,0.078,0,-17.583,1,0.0332,0.955,4.48E-06,0.169,0.125,128.065,audio_features,1bYItjcPRtxZs6Ir71O5RB,spotify:track:1bYItjcPRtxZs6Ir71O5RB,https://api.spotify.com/v1/tracks/1bYItjcPRtxZs6Ir71O5RB,https://api.spotify.com/v1/audio-analysis/1bYItjcPRtxZs6Ir71O5RB,170960,4,0
As Long as He Needs Me,Shirley Bassey,1963,0.294,0.147,5,-14.271,1,0.0302,0.964,0,0.266,0.166,103.232,audio_features,6mXqStzmjKPA0enSUQCBOv,spotify:track:6mXqStzmjKPA0enSUQCBOv,https://api.spotify.com/v1/tracks/6mXqStzmjKPA0enSUQCBOv,https://api.spotify.com/v1/audio-analysis/6mXqStzmjKPA0enSUQCBOv,182000,3,0
The Sweetest Sounds,Soundtrack/Cast Album,1963,0.282,0.0985,5,-18.334,1,0.0447,0.859,0,0.0535,0.199,171.982,audio_features,5PVgJotNCE3koSaM14sk3s,spotify:track:5PVgJotNCE3koSaM14sk3s,https://api.spotify.com/v1/tracks/5PVgJotNCE3koSaM14sk3s,https://api.spotify.com/v1/audio-analysis/5PVgJotNCE3koSaM14sk3s,302693,4,0
Wives And Lovers,Jack Jones,1964,0.354,0.472,5,-13.215,0,0.0464,0.449,0,0.28,0.541,96.026,audio_features,33yeTx321qQCaLyh2nE6BY,spotify:track:33yeTx321qQCaLyh2nE6BY,https://api.spotify.com/v1/tracks/33yeTx321qQCaLyh2nE6BY,https://api.spotify.com/v1/audio-analysis/33yeTx321qQCaLyh2nE6BY,149040,4,0
The Good Life,Tony Bennett,1964,0.182,0.261,10,-13.707,1,0.033,0.88,1.03E-05,0.442,0.206,175.779,audio_features,4MVvSNPOUd2z70vkkNCbLr,spotify:track:4MVvSNPOUd2z70vkkNCbLr,https://api.spotify.com/v1/tracks/4MVvSNPOUd2z70vkkNCbLr,https://api.spotify.com/v1/audio-analysis/4MVvSNPOUd2z70vkkNCbLr,134893,5,0
I Wanna Be Around...,Tony Bennett,1964,0.498,0.266,10,-13.425,1,0.0348,0.768,0,0.0828,0.376,69.601,audio_features,1smChL3Aq1U9DZA83LuDtp,spotify:track:1smChL3Aq1U9DZA83LuDtp,https://api.spotify.com/v1/tracks/1smChL3Aq1U9DZA83LuDtp,https://api.spotify.com/v1/audio-analysis/1smChL3Aq1U9DZA83LuDtp,131227,4,0
Call Me Irresponsible - Remastered Album Version,Frank Sinatra,1964,0.22,0.181,3,-12.31,1,0.0301,0.931,0.000839,0.107,0.243,86.007,audio_features,0oeM1wuV8lRBJQg3Emvg9c,spotify:track:0oeM1wuV8lRBJQg3Emvg9c,https://api.spotify.com/v1/tracks/0oeM1wuV8lRBJQg3Emvg9c,https://api.spotify.com/v1/audio-analysis/0oeM1wuV8lRBJQg3Emvg9c,175587,5,0
Dear Heart,Henry Mancini,1965,0.247,0.258,7,-10.024,1,0.0315,0.988,2.57E-05,0.232,0.215,128.742,audio_features,2Xu8Mxy1getoKERbRjHQ4Z,spotify:track:2Xu8Mxy1getoKERbRjHQ4Z,https://api.spotify.com/v1/tracks/2Xu8Mxy1getoKERbRjHQ4Z,https://api.spotify.com/v1/audio-analysis/2Xu8Mxy1getoKERbRjHQ4Z,161360,5,0
A Hard Day's Night - Remastered 2009,The Beatles,1965,0.59,0.805,0,-6.481,1,0.0371,0.137,0,0.0996,0.797,138.514,audio_features,5J2CHimS7dWYMImCHkEFaJ,spotify:track:5J2CHimS7dWYMImCHkEFaJ,https://api.spotify.com/v1/tracks/5J2CHimS7dWYMImCHkEFaJ,https://api.spotify.com/v1/audio-analysis/5J2CHimS7dWYMImCHkEFaJ,154200,4,0
People,Barbra Streisand,1965,0.184,0.342,9,-7.83,1,0.0343,0.943,1.27E-05,0.0956,0.158,76.497,audio_features,5utYYyUPnf3ayrh9JeM7Y2,spotify:track:5utYYyUPnf3ayrh9JeM7Y2,https://api.spotify.com/v1/tracks/5utYYyUPnf3ayrh9JeM7Y2,https://api.spotify.com/v1/audio-analysis/5utYYyUPnf3ayrh9JeM7Y2,220133,4,0
Who Can I Turn To (When Nobody Needs Me),Tony Bennett,1965,0.237,0.238,3,-11.999,1,0.0341,0.927,2.02E-05,0.0543,0.126,112.062,audio_features,2FXk3LhwfbziRcCg8Rp0fN,spotify:track:2FXk3LhwfbziRcCg8Rp0fN,https://api.spotify.com/v1/tracks/2FXk3LhwfbziRcCg8Rp0fN,https://api.spotify.com/v1/audio-analysis/2FXk3LhwfbziRcCg8Rp0fN,175360,4,0
The September Of My Years,Frank Sinatra,1966,0.162,0.146,9,-16.497,1,0.0349,0.822,0,0.113,0.165,63.381,audio_features,7aEqYB9fGCGtq8aYL6ugQU,spotify:track:7aEqYB9fGCGtq8aYL6ugQU,https://api.spotify.com/v1/tracks/7aEqYB9fGCGtq8aYL6ugQU,https://api.spotify.com/v1/audio-analysis/7aEqYB9fGCGtq8aYL6ugQU,195480,3,0
Yesterday - Remastered 2015,The Beatles,1966,0.401,0.189,0,-11.189,1,0.0287,0.871,0,0.0968,0.357,94.509,audio_features,4E5rL7YL0hVUPqeMSpjEF2,spotify:track:4E5rL7YL0hVUPqeMSpjEF2,https://api.spotify.com/v1/tracks/4E5rL7YL0hVUPqeMSpjEF2,https://api.spotify.com/v1/audio-analysis/4E5rL7YL0hVUPqeMSpjEF2,125320,4,0
King Of The Road,Roger Miller,1966,0.67,0.272,11,-13.699,1,0.0704,0.717,0,0.178,0.613,117.996,audio_features,3XG7bMVcMWLIn2k9jLAaAt,spotify:track:3XG7bMVcMWLIn2k9jLAaAt,https://api.spotify.com/v1/tracks/3XG7bMVcMWLIn2k9jLAaAt,https://api.spotify.com/v1/audio-analysis/3XG7bMVcMWLIn2k9jLAaAt,147307,4,0
I Will Wait For You (From Umbrellas of Cherbourg),Steve Lawrence,1966,0.343,0.468,10,-8.735,1,0.0277,0.774,0,0.112,0.232,106.455,audio_features,0RW5XiSsK3BuVJfstRZ8PX,spotify:track:0RW5XiSsK3BuVJfstRZ8PX,https://api.spotify.com/v1/tracks/0RW5XiSsK3BuVJfstRZ8PX,https://api.spotify.com/v1/audio-analysis/0RW5XiSsK3BuVJfstRZ8PX,172267,4,0
Strangers In The Night,Frank Sinatra,1967,0.259,0.473,5,-8.275,1,0.0295,0.592,0,0.201,0.539,90.348,audio_features,74VR3AkGPhbYXnxcOYa16x,spotify:track:74VR3AkGPhbYXnxcOYa16x,https://api.spotify.com/v1/tracks/74VR3AkGPhbYXnxcOYa16x,https://api.spotify.com/v1/audio-analysis/74VR3AkGPhbYXnxcOYa16x,157867,4,0
Born Free,Roger Williams,1967,0.627,0.571,0,-11.109,1,0.0355,0.605,8.66E-06,0.202,0.566,117.903,audio_features,3AuPRF3WVgtCNvvspIWc0Z,spotify:track:3AuPRF3WVgtCNvvspIWc0Z,https://api.spotify.com/v1/tracks/3AuPRF3WVgtCNvvspIWc0Z,https://api.spotify.com/v1/audio-analysis/3AuPRF3WVgtCNvvspIWc0Z,144973,4,0
The Impossible Dream,Jack Jones,1967,0.442,0.371,11,-9.759,1,0.0282,0.868,0,0.0733,0.38,93.039,audio_features,3kdGMnFYSKD7ALecbxadhg,spotify:track:3kdGMnFYSKD7ALecbxadhg,https://api.spotify.com/v1/tracks/3kdGMnFYSKD7ALecbxadhg,https://api.spotify.com/v1/audio-analysis/3kdGMnFYSKD7ALecbxadhg,139027,3,0
"Somewhere, My Love (Lara's Theme from ""Doctor Zhivago"")",The Ray Conniff Singers,1967,0.477,0.259,7,-16.096,1,0.0264,0.867,0,0.238,0.374,88.59,audio_features,1IYn7ytdb8byvHKS7S3Cat,spotify:track:1IYn7ytdb8byvHKS7S3Cat,https://api.spotify.com/v1/tracks/1IYn7ytdb8byvHKS7S3Cat,https://api.spotify.com/v1/audio-analysis/1IYn7ytdb8byvHKS7S3Cat,148627,3,0
Ode To Billie Joe,Bobbie Gentry,1968,0.637,0.189,7,-10.726,1,0.0471,0.721,0,0.0939,0.695,120.142,audio_features,4FdDorlbJTVHcH3djLbIfn,spotify:track:4FdDorlbJTVHcH3djLbIfn,https://api.spotify.com/v1/tracks/4FdDorlbJTVHcH3djLbIfn,https://api.spotify.com/v1/audio-analysis/4FdDorlbJTVHcH3djLbIfn,255002,4,0
By The Time I Get To Phoenix - Remastered 2001,Glen Campbell,1968,0.218,0.336,5,-12.997,1,0.0301,0.0743,1.61E-06,0.134,0.232,176.66,audio_features,1tZKsxgKebVQX9s6oiojG9,spotify:track:1tZKsxgKebVQX9s6oiojG9,https://api.spotify.com/v1/tracks/1tZKsxgKebVQX9s6oiojG9,https://api.spotify.com/v1/audio-analysis/1tZKsxgKebVQX9s6oiojG9,164200,4,0
Gentle On My Mind,John Hartford,1968,0.407,0.401,0,-12.928,1,0.0387,0.728,0,0.0814,0.4,197.706,audio_features,6ppsYmPvK5Wp1QBdJyTc7s,spotify:track:6ppsYmPvK5Wp1QBdJyTc7s,https://api.spotify.com/v1/tracks/6ppsYmPvK5Wp1QBdJyTc7s,https://api.spotify.com/v1/audio-analysis/6ppsYmPvK5Wp1QBdJyTc7s,182840,4,0
"My Cup Runneth Over (From the Musical Production ""I Do, I Do"")",Ed Ames,1968,0.359,0.322,7,-11.812,1,0.0296,0.847,0.00448,0.0458,0.336,100.347,audio_features,24mKRlMcugsrDwyaNXWpSY,spotify:track:24mKRlMcugsrDwyaNXWpSY,https://api.spotify.com/v1/tracks/24mKRlMcugsrDwyaNXWpSY,https://api.spotify.com/v1/audio-analysis/24mKRlMcugsrDwyaNXWpSY,166000,3,0
Honey,Bobby Goldsboro,1969,0.399,0.278,7,-13.122,1,0.0291,0.674,0.000694,0.203,0.597,93.189,audio_features,2Qhvi6R73Zj3cpzRYzcAww,spotify:track:2Qhvi6R73Zj3cpzRYzcAww,https://api.spotify.com/v1/tracks/2Qhvi6R73Zj3cpzRYzcAww,https://api.spotify.com/v1/audio-analysis/2Qhvi6R73Zj3cpzRYzcAww,238733,4,0
Hey Jude - Remastered 2009,The Beatles,1969,0.402,0.552,10,-10.158,1,0.0258,0.028,1.36E-05,0.0929,0.668,145.164,audio_features,3m7V717IKZqZLW5qUIOxdD,spotify:track:3m7V717IKZqZLW5qUIOxdD,https://api.spotify.com/v1/tracks/3m7V717IKZqZLW5qUIOxdD,https://api.spotify.com/v1/audio-analysis/3m7V717IKZqZLW5qUIOxdD,431333,4,0
"Mrs. Robinson - From ""The Graduate"" Soundtrack",Simon & Garfunkel,1969,0.606,0.457,6,-14.035,0,0.0497,0.713,2.53E-05,0.0747,0.813,92.033,audio_features,0iOZM63lendWRTTeKhZBSC,spotify:track:0iOZM63lendWRTTeKhZBSC,https://api.spotify.com/v1/tracks/0iOZM63lendWRTTeKhZBSC,https://api.spotify.com/v1/audio-analysis/0iOZM63lendWRTTeKhZBSC,244027,4,0
Harper Valley P.T.A.,Jeannie C. Riley,1969,0.797,0.556,4,-10.787,1,0.0423,0.573,0,0.1,0.921,121.615,audio_features,0WfY3B6edThhc8PHkrr1w5,spotify:track:0WfY3B6edThhc8PHkrr1w5,https://api.spotify.com/v1/tracks/0WfY3B6edThhc8PHkrr1w5,https://api.spotify.com/v1/audio-analysis/0WfY3B6edThhc8PHkrr1w5,194515,4,0
Raindrops Keep Fallin' On My Head,B.J. Thomas,1970,0.519,0.446,5,-9.287,1,0.0388,0.813,0.000124,0.11,0.654,104.962,audio_features,0zRtBDhwtIFTfoK2HuURbM,spotify:track:0zRtBDhwtIFTfoK2HuURbM,https://api.spotify.com/v1/tracks/0zRtBDhwtIFTfoK2HuURbM,https://api.spotify.com/v1/audio-analysis/0zRtBDhwtIFTfoK2HuURbM,184493,4,0
I'll Never Fall In Love Again,Burt Bacharach,1970,0.676,0.184,2,-14.735,1,0.0438,0.826,9.39E-06,0.11,0.513,123.392,audio_features,481lfmErbgJHnZpEZvVyfA,spotify:track:481lfmErbgJHnZpEZvVyfA,https://api.spotify.com/v1/tracks/481lfmErbgJHnZpEZvVyfA,https://api.spotify.com/v1/audio-analysis/481lfmErbgJHnZpEZvVyfA,196000,4,0
Spinning Wheel,"Blood, Sweat & Tears",1970,0.695,0.503,7,-9.313,1,0.0605,0.315,2.47E-05,0.261,0.542,96.818,audio_features,0spSRHFS4zF4Imvz9sJcfL,spotify:track:0spSRHFS4zF4Imvz9sJcfL,https://api.spotify.com/v1/tracks/0spSRHFS4zF4Imvz9sJcfL,https://api.spotify.com/v1/audio-analysis/0spSRHFS4zF4Imvz9sJcfL,247267,4,0
Fire and Rain,James Taylor,1971,0.611,0.35,5,-14.48,1,0.0356,0.499,7.84E-06,0.0844,0.36,76.064,audio_features,3LcYYV9ozePfgYYmXv0P3r,spotify:track:3LcYYV9ozePfgYYmXv0P3r,https://api.spotify.com/v1/tracks/3LcYYV9ozePfgYYmXv0P3r,https://api.spotify.com/v1/audio-analysis/3LcYYV9ozePfgYYmXv0P3r,200579,4,0
Let It Be - Remastered 2009,The Beatles,1971,0.443,0.403,0,-8.339,1,0.0322,0.631,0,0.111,0.41,143.462,audio_features,7iN1s7xHE4ifF5povM6A48,spotify:track:7iN1s7xHE4ifF5povM6A48,https://api.spotify.com/v1/tracks/7iN1s7xHE4ifF5povM6A48,https://api.spotify.com/v1/audio-analysis/7iN1s7xHE4ifF5povM6A48,243027,4,0
Everything Is Beautiful - 1970 #1 Billboard chart hit,Ray Stevens,1971,0.37,0.378,5,-15.178,1,0.0369,0.514,0,0.222,0.722,112.159,audio_features,3rrrMhc76FDnS4N7wu2KfH,spotify:track:3rrrMhc76FDnS4N7wu2KfH,https://api.spotify.com/v1/tracks/3rrrMhc76FDnS4N7wu2KfH,https://api.spotify.com/v1/audio-analysis/3rrrMhc76FDnS4N7wu2KfH,212773,4,0
We've Only Just Begun,Carpenters,1971,0.376,0.321,9,-11.771,1,0.0297,0.771,3.34E-06,0.103,0.3,86.562,audio_features,3m167vBQI5YLK0a1m6L6Y1,spotify:track:3m167vBQI5YLK0a1m6L6Y1,https://api.spotify.com/v1/tracks/3m167vBQI5YLK0a1m6L6Y1,https://api.spotify.com/v1/audio-analysis/3m167vBQI5YLK0a1m6L6Y1,185160,4,0
Rose Garden,Lynn Anderson,1972,0.589,0.501,0,-11.665,1,0.031,0.168,0,0.0741,0.969,131.064,audio_features,5YwgJ6lpZ3SiAQwBEpjqey,spotify:track:5YwgJ6lpZ3SiAQwBEpjqey,https://api.spotify.com/v1/tracks/5YwgJ6lpZ3SiAQwBEpjqey,https://api.spotify.com/v1/audio-analysis/5YwgJ6lpZ3SiAQwBEpjqey,175867,4,0
Me and Bobby McGee,Janis Joplin,1972,0.43,0.463,2,-10.96,1,0.0442,0.303,5.84E-05,0.152,0.66,93.405,audio_features,1IqFh00G2kvvMm8pRMpehA,spotify:track:1IqFh00G2kvvMm8pRMpehA,https://api.spotify.com/v1/tracks/1IqFh00G2kvvMm8pRMpehA,https://api.spotify.com/v1/audio-analysis/1IqFh00G2kvvMm8pRMpehA,271333,4,0
Help Me Make It Through the Night,Kris Kristofferson,1972,0.602,0.338,0,-13.33,1,0.0273,0.356,0.000183,0.0665,0.778,81.434,audio_features,2KU944ARlycn1xv8W4I3Oe,spotify:track:2KU944ARlycn1xv8W4I3Oe,https://api.spotify.com/v1/tracks/2KU944ARlycn1xv8W4I3Oe,https://api.spotify.com/v1/audio-analysis/2KU944ARlycn1xv8W4I3Oe,141640,4,0
It's Impossible,Perry Como,1972,0.281,0.374,0,-12.052,0,0.0329,0.511,0.0019,0.333,0.346,141.37,audio_features,6nXxjLAMvlcNRKsgLQbxBd,spotify:track:6nXxjLAMvlcNRKsgLQbxBd,https://api.spotify.com/v1/tracks/6nXxjLAMvlcNRKsgLQbxBd,https://api.spotify.com/v1/audio-analysis/6nXxjLAMvlcNRKsgLQbxBd,195160,4,0
American Pie,Don McLean,1973,0.531,0.481,4,-11.709,0,0.06,0.699,0,0.0842,0.491,138.45,audio_features,1fDsrQ23eTAVFElUMaf38X,spotify:track:1fDsrQ23eTAVFElUMaf38X,https://api.spotify.com/v1/tracks/1fDsrQ23eTAVFElUMaf38X,https://api.spotify.com/v1/audio-analysis/1fDsrQ23eTAVFElUMaf38X,516893,4,0
Alone Again (Naturally),Gilbert O'Sullivan,1973,0.558,0.464,8,-8.488,0,0.0354,0.583,0.000133,0.159,0.559,171.762,audio_features,6vuEG9sZtC4W2zT64f7zLF,spotify:track:6vuEG9sZtC4W2zT64f7zLF,https://api.spotify.com/v1/tracks/6vuEG9sZtC4W2zT64f7zLF,https://api.spotify.com/v1/audio-analysis/6vuEG9sZtC4W2zT64f7zLF,217729,4,0
The Summer Knows,Barbra Streisand,1973,0.247,0.13,1,-19.868,1,0.0363,0.928,0.00978,0.379,0.0671,80.666,audio_features,0eeiAEi8nDXy0fuBuE4Q3i,spotify:track:0eeiAEi8nDXy0fuBuE4Q3i,https://api.spotify.com/v1/tracks/0eeiAEi8nDXy0fuBuE4Q3i,https://api.spotify.com/v1/audio-analysis/0eeiAEi8nDXy0fuBuE4Q3i,220133,3,0
Song Sung Blue - Single Version,Neil Diamond,1973,0.556,0.327,0,-15.612,1,0.0311,0.467,1.32E-05,0.318,0.327,108.913,audio_features,4FZ8wtTaOAbYvyChBt4GEQ,spotify:track:4FZ8wtTaOAbYvyChBt4GEQ,https://api.spotify.com/v1/tracks/4FZ8wtTaOAbYvyChBt4GEQ,https://api.spotify.com/v1/audio-analysis/4FZ8wtTaOAbYvyChBt4GEQ,195160,4,0
Tie a Yellow Ribbon Round the Ole Oak Tree (feat. Tony Orlando) - Digitally Remastered 1998,Tony Orlando & Dawn,1974,0.559,0.615,5,-12.27,1,0.0473,0.283,0,0.0957,0.68,87.601,audio_features,12UzVR0M7asW2MHAZRJk0I,spotify:track:12UzVR0M7asW2MHAZRJk0I,https://api.spotify.com/v1/tracks/12UzVR0M7asW2MHAZRJk0I,https://api.spotify.com/v1/audio-analysis/12UzVR0M7asW2MHAZRJk0I,206253,4,0
Behind Closed Doors,Charlie Rich,1974,0.509,0.27,2,-15.485,1,0.0299,0.906,0.0229,0.0689,0.539,85.178,audio_features,3dTfaVbM8YL4lZEbvK50Zl,spotify:track:3dTfaVbM8YL4lZEbvK50Zl,https://api.spotify.com/v1/tracks/3dTfaVbM8YL4lZEbvK50Zl,https://api.spotify.com/v1/audio-analysis/3dTfaVbM8YL4lZEbvK50Zl,174093,4,0
You Are The Sunshine Of My Life,Stevie Wonder,1974,0.519,0.46,11,-14.53,1,0.0688,0.823,5.97E-05,0.243,0.675,132.082,audio_features,0n2pjCIMKwHSXoYfEbYMfX,spotify:track:0n2pjCIMKwHSXoYfEbYMfX,https://api.spotify.com/v1/tracks/0n2pjCIMKwHSXoYfEbYMfX,https://api.spotify.com/v1/audio-analysis/0n2pjCIMKwHSXoYfEbYMfX,178200,4,0
Midnight at the Oasis,Maria Muldaur,1975,0.705,0.499,1,-7.969,1,0.0265,0.409,6.59E-05,0.103,0.391,98.686,audio_features,5VBcEJ4mtXTmVEJtc7hx2g,spotify:track:5VBcEJ4mtXTmVEJtc7hx2g,https://api.spotify.com/v1/tracks/5VBcEJ4mtXTmVEJtc7hx2g,https://api.spotify.com/v1/audio-analysis/5VBcEJ4mtXTmVEJtc7hx2g,229507,4,0
Feel Like Makin' Love,Roberta Flack,1975,0.681,0.264,8,-21.861,1,0.0309,0.833,0.441,0.103,0.692,93.809,audio_features,7gkboYtvhuXNS4EUwmFPcw,spotify:track:7gkboYtvhuXNS4EUwmFPcw,https://api.spotify.com/v1/tracks/7gkboYtvhuXNS4EUwmFPcw,https://api.spotify.com/v1/audio-analysis/7gkboYtvhuXNS4EUwmFPcw,175400,4,0
You And Me Against The World,Helen Reddy,1975,0.383,0.348,9,-11.991,1,0.0282,0.498,0.000114,0.154,0.244,78.627,audio_features,4YnMQa8eznnFtYPfmbY1UP,spotify:track:4YnMQa8eznnFtYPfmbY1UP,https://api.spotify.com/v1/tracks/4YnMQa8eznnFtYPfmbY1UP,https://api.spotify.com/v1/audio-analysis/4YnMQa8eznnFtYPfmbY1UP,191667,4,0
At Seventeen - Remastered,Janis Ian,1976,0.616,0.271,0,-17.212,1,0.0458,0.876,0.000126,0.113,0.336,125.021,audio_features,7wJpqjqk8QbHpCakY1ZacY,spotify:track:7wJpqjqk8QbHpCakY1ZacY,https://api.spotify.com/v1/tracks/7wJpqjqk8QbHpCakY1ZacY,https://api.spotify.com/v1/audio-analysis/7wJpqjqk8QbHpCakY1ZacY,283880,4,0
Rhinestone Cowboy,Glen Campbell,1976,0.644,0.633,0,-8.006,1,0.0261,0.102,6.82E-05,0.227,0.647,115.193,audio_features,0VwTeYNjcl30DyQlt3GPe0,spotify:track:0VwTeYNjcl30DyQlt3GPe0,https://api.spotify.com/v1/tracks/0VwTeYNjcl30DyQlt3GPe0,https://api.spotify.com/v1/audio-analysis/0VwTeYNjcl30DyQlt3GPe0,194453,4,0
Love Will Keep Us Together,Captain & Tennille,1976,0.621,0.788,4,-4.326,1,0.0314,0.354,0,0.305,0.926,129.62,audio_features,4pCNJwixy2ImFncaPY2yE2,spotify:track:4pCNJwixy2ImFncaPY2yE2,https://api.spotify.com/v1/tracks/4pCNJwixy2ImFncaPY2yE2,https://api.spotify.com/v1/audio-analysis/4pCNJwixy2ImFncaPY2yE2,205493,4,0
Afternoon Delight,Starland Vocal Band,1977,0.486,0.445,5,-11.728,1,0.03,0.49,0,0.101,0.788,147.221,audio_features,3uLk0uQ4zMS26h89Of8XOD,spotify:track:3uLk0uQ4zMS26h89Of8XOD,https://api.spotify.com/v1/tracks/3uLk0uQ4zMS26h89Of8XOD,https://api.spotify.com/v1/audio-analysis/3uLk0uQ4zMS26h89Of8XOD,193040,4,0
The Wreck of the Edmund Fitzgerald,Gordon Lightfoot,1977,0.308,0.376,4,-15.24,1,0.0626,0.116,2.52E-06,0.166,0.158,186.047,audio_features,536L9C0N7vhYdibCJx3cI2,spotify:track:536L9C0N7vhYdibCJx3cI2,https://api.spotify.com/v1/tracks/536L9C0N7vhYdibCJx3cI2,https://api.spotify.com/v1/audio-analysis/536L9C0N7vhYdibCJx3cI2,389280,3,0
This Masquerade - Edit,George Benson,1977,0.639,0.319,0,-12.942,0,0.0346,0.406,3.21E-05,0.108,0.452,90.051,audio_features,5ssQ8yVpLen4FHZzwWaA1C,spotify:track:5ssQ8yVpLen4FHZzwWaA1C,https://api.spotify.com/v1/tracks/5ssQ8yVpLen4FHZzwWaA1C,https://api.spotify.com/v1/audio-analysis/5ssQ8yVpLen4FHZzwWaA1C,196827,4,0
Breaking Up Is Hard To Do - Slow,Neil Sedaka,1977,0.408,0.271,0,-12.746,1,0.0371,0.838,0,0.172,0.251,63.346,audio_features,4Waq4F9A8L2R8KrQD87r0b,spotify:track:4Waq4F9A8L2R8KrQD87r0b,https://api.spotify.com/v1/tracks/4Waq4F9A8L2R8KrQD87r0b,https://api.spotify.com/v1/audio-analysis/4Waq4F9A8L2R8KrQD87r0b,197267,4,0
Southern Nights,Glen Campbell,1978,0.697,0.813,11,-8.89,0,0.0315,0.0989,0.0232,0.583,0.85,95.301,audio_features,7kv7zBjMtVf0eIJle2VZxn,spotify:track:7kv7zBjMtVf0eIJle2VZxn,https://api.spotify.com/v1/tracks/7kv7zBjMtVf0eIJle2VZxn,https://api.spotify.com/v1/audio-analysis/7kv7zBjMtVf0eIJle2VZxn,180027,4,0
Hotel California - 2013 Remaster,Eagles,1978,0.579,0.508,2,-9.484,1,0.027,0.00574,0.000494,0.0575,0.609,147.125,audio_features,40riOy7x9W7GXjyGp4pjAv,spotify:track:40riOy7x9W7GXjyGp4pjAv,https://api.spotify.com/v1/tracks/40riOy7x9W7GXjyGp4pjAv,https://api.spotify.com/v1/audio-analysis/40riOy7x9W7GXjyGp4pjAv,391376,4,0
Nobody Does It Better,Various Artists,1978,0.368,0.403,10,-12.699,1,0.0288,0.703,7.66E-06,0.202,0.338,135.384,audio_features,49RUdNvwSiUTC8fBh4KKoC,spotify:track:49RUdNvwSiUTC8fBh4KKoC,https://api.spotify.com/v1/tracks/49RUdNvwSiUTC8fBh4KKoC,https://api.spotify.com/v1/audio-analysis/49RUdNvwSiUTC8fBh4KKoC,212667,4,0
Don't It Make My Brown Eyes Blue,Crystal Gayle,1978,0.736,0.321,6,-13.474,1,0.0444,0.799,0.00897,0.0619,0.342,84.928,audio_features,7Jpclr7tZ6aQXjoKzWXUJV,spotify:track:7Jpclr7tZ6aQXjoKzWXUJV,https://api.spotify.com/v1/tracks/7Jpclr7tZ6aQXjoKzWXUJV,https://api.spotify.com/v1/audio-analysis/7Jpclr7tZ6aQXjoKzWXUJV,157653,4,0
"Stayin' Alive - From ""Saturday Night Fever"" Soundtrack",Various Artists,1979,0.699,0.607,10,-15.293,0,0.0353,0.103,0.000629,0.236,0.958,103.612,audio_features,2xSXw1EqGSAKc1e4TPaQvV,spotify:track:2xSXw1EqGSAKc1e4TPaQvV,https://api.spotify.com/v1/tracks/2xSXw1EqGSAKc1e4TPaQvV,https://api.spotify.com/v1/audio-analysis/2xSXw1EqGSAKc1e4TPaQvV,284067,4,0
Three Times A Lady,Commodores,1979,0.39,0.0803,8,-20.518,1,0.0306,0.874,0.000639,0.127,0.184,150.503,audio_features,4ztwMHfPZhPoruZdBbgriM,spotify:track:4ztwMHfPZhPoruZdBbgriM,https://api.spotify.com/v1/tracks/4ztwMHfPZhPoruZdBbgriM,https://api.spotify.com/v1/audio-analysis/4ztwMHfPZhPoruZdBbgriM,217427,3,0
You Don't Bring Me Flowers - Solo Version,Neil Diamond,1979,0.272,0.0448,0,-22.925,1,0.0386,0.78,0,0.0785,0.125,52.597,audio_features,21SY13oC0xxEtJMBPrkAM3,spotify:track:21SY13oC0xxEtJMBPrkAM3,https://api.spotify.com/v1/tracks/21SY13oC0xxEtJMBPrkAM3,https://api.spotify.com/v1/audio-analysis/21SY13oC0xxEtJMBPrkAM3,188867,4,0
You Needed Me,Anne Murray,1979,0.497,0.296,9,-10.756,1,0.0302,0.431,0,0.106,0.171,62.204,audio_features,5d4E1hgkLyb7sXr5J3InnM,spotify:track:5d4E1hgkLyb7sXr5J3InnM,https://api.spotify.com/v1/tracks/5d4E1hgkLyb7sXr5J3InnM,https://api.spotify.com/v1/audio-analysis/5d4E1hgkLyb7sXr5J3InnM,220267,4,0
Honesty,Billy Joel,1980,0.552,0.265,10,-15.482,1,0.0332,0.415,0,0.107,0.212,135.476,audio_features,34E0Higz6fFVXlbVsn6TIW,spotify:track:34E0Higz6fFVXlbVsn6TIW,https://api.spotify.com/v1/tracks/34E0Higz6fFVXlbVsn6TIW,https://api.spotify.com/v1/audio-analysis/34E0Higz6fFVXlbVsn6TIW,233507,4,0
After the Love Has Gone,"Earth, Wind & Fire",1980,0.424,0.443,6,-13.45,1,0.0382,0.532,0.000389,0.673,0.391,131.675,audio_features,3cfnGXJ9bmiWvFqEO6ff8B,spotify:track:3cfnGXJ9bmiWvFqEO6ff8B,https://api.spotify.com/v1/tracks/3cfnGXJ9bmiWvFqEO6ff8B,https://api.spotify.com/v1/audio-analysis/3cfnGXJ9bmiWvFqEO6ff8B,278040,4,0
I Will Survive,Gloria Gaynor,1980,0.77,0.775,9,-9.571,0,0.0495,0.0227,0.00262,0.297,0.802,116.935,audio_features,6g0cpYD7gmMHKrqYhPZ6Qq,spotify:track:6g0cpYD7gmMHKrqYhPZ6Qq,https://api.spotify.com/v1/tracks/6g0cpYD7gmMHKrqYhPZ6Qq,https://api.spotify.com/v1/audio-analysis/6g0cpYD7gmMHKrqYhPZ6Qq,296107,4,0
Reunited,Peaches & Herb,1980,0.561,0.501,5,-9.544,0,0.0266,0.857,0.0106,0.135,0.339,75.68,audio_features,7wbPfd2mXbStoZZSnHNd2V,spotify:track:7wbPfd2mXbStoZZSnHNd2V,https://api.spotify.com/v1/tracks/7wbPfd2mXbStoZZSnHNd2V,https://api.spotify.com/v1/audio-analysis/7wbPfd2mXbStoZZSnHNd2V,345240,4,0
Minute by Minute,The Doobie Brothers,1980,0.735,0.276,0,-18.071,1,0.044,0.549,0.000201,0.1,0.966,142.979,audio_features,37oLDb3119IdKSIFQmSGRj,spotify:track:37oLDb3119IdKSIFQmSGRj,https://api.spotify.com/v1/tracks/37oLDb3119IdKSIFQmSGRj,https://api.spotify.com/v1/audio-analysis/37oLDb3119IdKSIFQmSGRj,206973,3,0
Chuck E's in Love,Rickie Lee Jones,1980,0.782,0.41,9,-9.317,1,0.0851,0.308,0,0.146,0.716,113.203,audio_features,3tE7phKa4Wm9YUdwuacLt2,spotify:track:3tE7phKa4Wm9YUdwuacLt2,https://api.spotify.com/v1/tracks/3tE7phKa4Wm9YUdwuacLt2,https://api.spotify.com/v1/audio-analysis/3tE7phKa4Wm9YUdwuacLt2,209280,4,0
She Believes In Me,Kenny Rogers,1980,0.32,0.413,10,-12.472,1,0.0314,0.484,4.97E-06,0.346,0.313,142.765,audio_features,5ggOAMsJCAYDHnyoqJ0xAD,spotify:track:5ggOAMsJCAYDHnyoqJ0xAD,https://api.spotify.com/v1/tracks/5ggOAMsJCAYDHnyoqJ0xAD,https://api.spotify.com/v1/audio-analysis/5ggOAMsJCAYDHnyoqJ0xAD,258720,4,0
The Rose,Bette Midler,1981,0.347,0.228,0,-9.667,1,0.0296,0.901,0,0.38,0.184,133.574,audio_features,562JrM9b7jiu8LgzV62x3o,spotify:track:562JrM9b7jiu8LgzV62x3o,https://api.spotify.com/v1/tracks/562JrM9b7jiu8LgzV62x3o,https://api.spotify.com/v1/audio-analysis/562JrM9b7jiu8LgzV62x3o,221373,4,0
Woman in Love,Barbra Streisand,1981,0.469,0.278,3,-16.311,0,0.028,0.248,0.000126,0.133,0.331,169.735,audio_features,1pTGc8pwyo6xtgXBKCBcFn,spotify:track:1pTGc8pwyo6xtgXBKCBcFn,https://api.spotify.com/v1/tracks/1pTGc8pwyo6xtgXBKCBcFn,https://api.spotify.com/v1/audio-analysis/1pTGc8pwyo6xtgXBKCBcFn,231840,4,0
"Theme From New York, New York",Frank Sinatra,1981,0.408,0.414,2,-11.083,1,0.0297,0.282,0,0.153,0.576,107.469,audio_features,3QksrtI9VFCBHWA4rgvcV8,spotify:track:3QksrtI9VFCBHWA4rgvcV8,https://api.spotify.com/v1/tracks/3QksrtI9VFCBHWA4rgvcV8,https://api.spotify.com/v1/audio-analysis/3QksrtI9VFCBHWA4rgvcV8,206067,4,0
Lady,Kenny Rogers,1981,0.487,0.232,2,-12.486,0,0.0291,0.747,7.20E-06,0.115,0.249,140.173,audio_features,5lllSpYR5kRirQk8g2rIwa,spotify:track:5lllSpYR5kRirQk8g2rIwa,https://api.spotify.com/v1/tracks/5lllSpYR5kRirQk8g2rIwa,https://api.spotify.com/v1/audio-analysis/5lllSpYR5kRirQk8g2rIwa,231040,4,0
Fame,Various Artists,1981,0.7,0.73,0,-8.763,0,0.0311,0.132,0,0.133,0.961,130.519,audio_features,5CI1FP2Volc9wjz2MBZsGx,spotify:track:5CI1FP2Volc9wjz2MBZsGx,https://api.spotify.com/v1/tracks/5CI1FP2Volc9wjz2MBZsGx,https://api.spotify.com/v1/audio-analysis/5CI1FP2Volc9wjz2MBZsGx,316067,4,0
Just the Two of Us (feat. Bill Withers),"Grover Washington, Jr.",1982,0.802,0.488,1,-9.304,1,0.0813,0.572,0.0598,0.0763,0.624,95.77,audio_features,1ko2lVN0vKGUl9zrU0qSlT,spotify:track:1ko2lVN0vKGUl9zrU0qSlT,https://api.spotify.com/v1/tracks/1ko2lVN0vKGUl9zrU0qSlT,https://api.spotify.com/v1/audio-analysis/1ko2lVN0vKGUl9zrU0qSlT,237106,4,0
9 to 5,Dolly Parton,1982,0.554,0.783,6,-5.852,1,0.0457,0.416,1.54E-06,0.631,0.813,105.39,audio_features,4w3tQBXhn5345eUXDGBWZG,spotify:track:4w3tQBXhn5345eUXDGBWZG,https://api.spotify.com/v1/tracks/4w3tQBXhn5345eUXDGBWZG,https://api.spotify.com/v1/audio-analysis/4w3tQBXhn5345eUXDGBWZG,162467,4,0
Endless Love,Various Artists,1982,0.479,0.293,10,-11.562,1,0.0249,0.597,0.00208,0.144,0.175,93.645,audio_features,4lxURgzko5Jizais6YqF3p,spotify:track:4lxURgzko5Jizais6YqF3p,https://api.spotify.com/v1/tracks/4lxURgzko5Jizais6YqF3p,https://api.spotify.com/v1/audio-analysis/4lxURgzko5Jizais6YqF3p,266360,4,0
Arthur's Theme (Best That You Can Do),Various Artists,1982,0.526,0.515,9,-11.169,1,0.0389,0.169,0.000816,0.181,0.518,136.543,audio_features,5fnOrhQ4KgT5irGCjIccGH,spotify:track:5fnOrhQ4KgT5irGCjIccGH,https://api.spotify.com/v1/tracks/5fnOrhQ4KgT5irGCjIccGH,https://api.spotify.com/v1/audio-analysis/5fnOrhQ4KgT5irGCjIccGH,234493,4,0
Rosanna,TOTO,1983,0.365,0.513,7,-13.034,0,0.0357,0.0208,0.000147,0.205,0.739,80.647,audio_features,37BTh5g05cxBIRYMbw8g2T,spotify:track:37BTh5g05cxBIRYMbw8g2T,https://api.spotify.com/v1/tracks/37BTh5g05cxBIRYMbw8g2T,https://api.spotify.com/v1/audio-analysis/37BTh5g05cxBIRYMbw8g2T,331200,4,0
I.G.Y.,Donald Fagen,1983,0.834,0.559,8,-9.366,0,0.0603,0.614,0.00434,0.0839,0.874,119.422,audio_features,6bzwsAtj4TqaBysLDrGiO3,spotify:track:6bzwsAtj4TqaBysLDrGiO3,https://api.spotify.com/v1/tracks/6bzwsAtj4TqaBysLDrGiO3,https://api.spotify.com/v1/audio-analysis/6bzwsAtj4TqaBysLDrGiO3,363413,4,0
Eye of the Tiger,Survivor,1983,0.815,0.438,0,-14.522,0,0.0346,0.216,0.000466,0.0787,0.552,108.965,audio_features,2HHtWyy5CgaQbC7XSoOb0e,spotify:track:2HHtWyy5CgaQbC7XSoOb0e,https://api.spotify.com/v1/tracks/2HHtWyy5CgaQbC7XSoOb0e,https://api.spotify.com/v1/audio-analysis/2HHtWyy5CgaQbC7XSoOb0e,243773,4,0
Ebony And Ivory - Remixed 2015,Paul McCartney,1983,0.567,0.692,4,-7.881,1,0.0379,0.0784,0,0.0338,0.708,160.697,audio_features,3fVSMbeq8tY3G85yxcJwRU,spotify:track:3fVSMbeq8tY3G85yxcJwRU,https://api.spotify.com/v1/tracks/3fVSMbeq8tY3G85yxcJwRU,https://api.spotify.com/v1/audio-analysis/3fVSMbeq8tY3G85yxcJwRU,226267,4,0
All Night Long (All Night),Lionel Richie,1984,0.717,0.62,1,-13.068,1,0.0381,0.0788,8.60E-05,0.029,0.801,108.824,audio_features,28uI9fFNHCelCuLS613SVi,spotify:track:28uI9fFNHCelCuLS613SVi,https://api.spotify.com/v1/tracks/28uI9fFNHCelCuLS613SVi,https://api.spotify.com/v1/audio-analysis/28uI9fFNHCelCuLS613SVi,385693,4,0
Beat It,Michael Jackson,1984,0.776,0.711,3,-9.03,0,0.0473,0.0242,0.000353,0.234,0.901,138.728,audio_features,3BovdzfaX4jb5KFQwoPfAw,spotify:track:3BovdzfaX4jb5KFQwoPfAw,https://api.spotify.com/v1/tracks/3BovdzfaX4jb5KFQwoPfAw,https://api.spotify.com/v1/audio-analysis/3BovdzfaX4jb5KFQwoPfAw,258400,4,0
Billie Jean,Michael Jackson,1984,0.932,0.457,11,-9.62,0,0.0541,0.0173,0.0436,0.0414,0.884,117.002,audio_features,7J1uxwnxfQLu4APicE5Rnj,spotify:track:7J1uxwnxfQLu4APicE5Rnj,https://api.spotify.com/v1/tracks/7J1uxwnxfQLu4APicE5Rnj,https://api.spotify.com/v1/audio-analysis/7J1uxwnxfQLu4APicE5Rnj,294227,4,0
Maniac,Various Artists,1984,0.617,0.533,3,-11.516,0,0.0651,0.0891,4.04E-06,0.0415,0.835,158.86,audio_features,0QKfiqpEU4h9ycPSzIFwYe,spotify:track:0QKfiqpEU4h9ycPSzIFwYe,https://api.spotify.com/v1/tracks/0QKfiqpEU4h9ycPSzIFwYe,https://api.spotify.com/v1/audio-analysis/0QKfiqpEU4h9ycPSzIFwYe,244707,4,0
Against All Odds (Take a Look at Me Now) - 2016 Remaster,Phil Collins,1985,0.58,0.498,1,-6.901,1,0.0277,0.198,0,0.132,0.111,116.271,audio_features,63CHa6rmamv9OsehkRD8oz,spotify:track:63CHa6rmamv9OsehkRD8oz,https://api.spotify.com/v1/tracks/63CHa6rmamv9OsehkRD8oz,https://api.spotify.com/v1/audio-analysis/63CHa6rmamv9OsehkRD8oz,206360,4,0
Hello,Lionel Richie,1985,0.487,0.246,9,-14.104,0,0.0376,0.414,0,0.0983,0.0562,61.084,audio_features,0mHyWYXmmCB9iQyK18m3FQ,spotify:track:0mHyWYXmmCB9iQyK18m3FQ,https://api.spotify.com/v1/tracks/0mHyWYXmmCB9iQyK18m3FQ,https://api.spotify.com/v1/audio-analysis/0mHyWYXmmCB9iQyK18m3FQ,251107,4,0
I Just Called To Say I Love You,Stevie Wonder,1985,0.717,0.448,1,-13.425,1,0.026,0.216,0,0.0969,0.581,113.657,audio_features,0kVE2yBjTwnFqbsrXRKg5Y,spotify:track:0kVE2yBjTwnFqbsrXRKg5Y,https://api.spotify.com/v1/tracks/0kVE2yBjTwnFqbsrXRKg5Y,https://api.spotify.com/v1/audio-analysis/0kVE2yBjTwnFqbsrXRKg5Y,376293,4,0
Time After Time,Cyndi Lauper,1985,0.726,0.449,0,-9.206,1,0.0286,0.487,1.34E-06,0.0824,0.294,130.388,audio_features,7o9uu2GDtVDr9nsR7ZRN73,spotify:track:7o9uu2GDtVDr9nsR7ZRN73,https://api.spotify.com/v1/tracks/7o9uu2GDtVDr9nsR7ZRN73,https://api.spotify.com/v1/audio-analysis/7o9uu2GDtVDr9nsR7ZRN73,241333,4,0
Every Time You Go Away,Paul Young,1986,0.608,0.604,5,-12.285,1,0.0433,0.169,0.000133,0.106,0.673,164.254,audio_features,3ZI3sK9ZJB3LOiZtCs9l3p,spotify:track:3ZI3sK9ZJB3LOiZtCs9l3p,https://api.spotify.com/v1/tracks/3ZI3sK9ZJB3LOiZtCs9l3p,https://api.spotify.com/v1/audio-analysis/3ZI3sK9ZJB3LOiZtCs9l3p,324347,4,0
The Boys Of Summer,Don Henley,1986,0.516,0.549,6,-13.741,1,0.0373,0.501,0.00572,0.184,0.907,176.941,audio_features,4gvea7UlDkAvsJBPZAd4oB,spotify:track:4gvea7UlDkAvsJBPZAd4oB,https://api.spotify.com/v1/tracks/4gvea7UlDkAvsJBPZAd4oB,https://api.spotify.com/v1/audio-analysis/4gvea7UlDkAvsJBPZAd4oB,288733,4,0
Money for Nothing,Dire Straits,1986,0.667,0.655,2,-9.339,0,0.0367,0.0491,0.000894,0.0641,0.657,134.212,audio_features,4yqtwO7MQIIXqoiRBPHAgR,spotify:track:4yqtwO7MQIIXqoiRBPHAgR,https://api.spotify.com/v1/tracks/4yqtwO7MQIIXqoiRBPHAgR,https://api.spotify.com/v1/audio-analysis/4yqtwO7MQIIXqoiRBPHAgR,506400,4,0
I Want to Know What Love Is - 1999 Remaster,Foreigner,1986,0.477,0.471,6,-10.036,1,0.0277,0.193,1.76E-06,0.131,0.423,81.204,audio_features,1JLn8RhQzHz3qDqsChcmBl,spotify:track:1JLn8RhQzHz3qDqsChcmBl,https://api.spotify.com/v1/tracks/1JLn8RhQzHz3qDqsChcmBl,https://api.spotify.com/v1/audio-analysis/1JLn8RhQzHz3qDqsChcmBl,304787,4,0
Graceland,Paul Simon,1987,0.732,0.705,9,-9.271,1,0.0349,0.626,0.00068,0.0813,0.848,117.925,audio_features,51KKQAgYFoJHgVIuJWHdHb,spotify:track:51KKQAgYFoJHgVIuJWHdHb,https://api.spotify.com/v1/tracks/51KKQAgYFoJHgVIuJWHdHb,https://api.spotify.com/v1/audio-analysis/51KKQAgYFoJHgVIuJWHdHb,291200,4,0
Sledgehammer - 2012 Remaster,Peter Gabriel,1987,0.641,0.682,8,-7.561,1,0.0392,0.044,0,0.0394,0.468,96.319,audio_features,4AUS8KNz7zX8XFu9L38GT0,spotify:track:4AUS8KNz7zX8XFu9L38GT0,https://api.spotify.com/v1/tracks/4AUS8KNz7zX8XFu9L38GT0,https://api.spotify.com/v1/audio-analysis/4AUS8KNz7zX8XFu9L38GT0,311986,4,0
Addicted To Love,Robert Palmer,1987,0.702,0.578,2,-13.415,1,0.031,0.382,5.89E-06,0.0425,0.975,111.617,audio_features,5izGeTxueiFX1UPFGohY9w,spotify:track:5izGeTxueiFX1UPFGohY9w,https://api.spotify.com/v1/tracks/5izGeTxueiFX1UPFGohY9w,https://api.spotify.com/v1/audio-analysis/5izGeTxueiFX1UPFGohY9w,363640,4,0
Higher Love,Steve Winwood,1987,0.696,0.78,5,-12.159,1,0.0415,0.0427,0.149,0.298,0.954,98.699,audio_features,4ZExvJvQXPEeYzGU0N3THi,spotify:track:4ZExvJvQXPEeYzGU0N3THi,https://api.spotify.com/v1/tracks/4ZExvJvQXPEeYzGU0N3THi,https://api.spotify.com/v1/audio-analysis/4ZExvJvQXPEeYzGU0N3THi,351507,4,0
Didn't We Almost Have It All,Whitney Houston,1988,0.54,0.49,10,-10.151,1,0.027,0.414,0.000896,0.142,0.336,130.992,audio_features,19wadMw1A8XejDV4p5wMt1,spotify:track:19wadMw1A8XejDV4p5wMt1,https://api.spotify.com/v1/tracks/19wadMw1A8XejDV4p5wMt1,https://api.spotify.com/v1/audio-analysis/19wadMw1A8XejDV4p5wMt1,305067,4,0
La Bamba,Los Lobos,1988,0.506,0.764,0,-12.239,1,0.046,0.144,0.00025,0.247,0.868,156.336,audio_features,0uMMLry3hzWGn3q3loqMkm,spotify:track:0uMMLry3hzWGn3q3loqMkm,https://api.spotify.com/v1/tracks/0uMMLry3hzWGn3q3loqMkm,https://api.spotify.com/v1/audio-analysis/0uMMLry3hzWGn3q3loqMkm,174187,4,0
Luka,Suzanne Vega,1988,0.63,0.697,6,-10.654,1,0.0311,0.189,0.000258,0.116,0.796,124.956,audio_features,5yMXAaSvxo12QkYU75Ixv0,spotify:track:5yMXAaSvxo12QkYU75Ixv0,https://api.spotify.com/v1/tracks/5yMXAaSvxo12QkYU75Ixv0,https://api.spotify.com/v1/audio-analysis/5yMXAaSvxo12QkYU75Ixv0,231933,4,0
I Still Haven't Found What I'm Looking For - Remastered 2007,U2,1988,0.565,0.764,1,-9.43,1,0.0351,0.0139,0.00488,0.079,0.686,100.891,audio_features,3MRQ3CSjoiV1HFil8ykM9M,spotify:track:3MRQ3CSjoiV1HFil8ykM9M,https://api.spotify.com/v1/tracks/3MRQ3CSjoiV1HFil8ykM9M,https://api.spotify.com/v1/audio-analysis/3MRQ3CSjoiV1HFil8ykM9M,277480,4,0
Giving You the Best That I Got (Single Version),Various Artists,1989,0.637,0.542,9,-8.173,1,0.0356,0.765,0,0.302,0.38,105.322,audio_features,4FKHWhLF2dyjcoSnGlktw4,spotify:track:4FKHWhLF2dyjcoSnGlktw4,https://api.spotify.com/v1/tracks/4FKHWhLF2dyjcoSnGlktw4,https://api.spotify.com/v1/audio-analysis/4FKHWhLF2dyjcoSnGlktw4,233973,4,0
Piano In The Dark,Brenda Russell,1989,0.729,0.316,0,-17.054,0,0.0248,0.403,8.55E-05,0.0998,0.432,99.729,audio_features,70RPjUR5l0jmBQndfNXP0z,spotify:track:70RPjUR5l0jmBQndfNXP0z,https://api.spotify.com/v1/tracks/70RPjUR5l0jmBQndfNXP0z,https://api.spotify.com/v1/audio-analysis/70RPjUR5l0jmBQndfNXP0z,320800,4,0
Be Still My Beating Heart,Sting,1989,0.659,0.468,7,-16.647,1,0.0395,0.266,0.000525,0.0427,0.505,101.422,audio_features,58me6gfG81fNG4v3dpRhh5,spotify:track:58me6gfG81fNG4v3dpRhh5,https://api.spotify.com/v1/tracks/58me6gfG81fNG4v3dpRhh5,https://api.spotify.com/v1/audio-analysis/58me6gfG81fNG4v3dpRhh5,334133,4,0
Fast Car,Tracy Chapman,1989,0.711,0.292,4,-15.523,0,0.037,0.313,0,0.131,0.194,103.951,audio_features,2M9ro2krNb7nr7HSprkEgo,spotify:track:2M9ro2krNb7nr7HSprkEgo,https://api.spotify.com/v1/tracks/2M9ro2krNb7nr7HSprkEgo,https://api.spotify.com/v1/audio-analysis/2M9ro2krNb7nr7HSprkEgo,296800,4,0
Don't Know Much (with Aaron Neville),Linda Ronstadt,1990,0.401,0.285,11,-11.005,1,0.0327,0.657,1.13E-05,0.158,0.267,130.465,audio_features,5z3ZDMP02xF33yCvPFnct3,spotify:track:5z3ZDMP02xF33yCvPFnct3,https://api.spotify.com/v1/tracks/5z3ZDMP02xF33yCvPFnct3,https://api.spotify.com/v1/audio-analysis/5z3ZDMP02xF33yCvPFnct3,211973,4,0
The End Of The Innocence,Don Henley,1990,0.623,0.425,8,-13.045,1,0.0291,0.306,8.65E-05,0.108,0.392,116.593,audio_features,3NWcFiL6oCEagrFiTdDr1m,spotify:track:3NWcFiL6oCEagrFiTdDr1m,https://api.spotify.com/v1/tracks/3NWcFiL6oCEagrFiTdDr1m,https://api.spotify.com/v1/audio-analysis/3NWcFiL6oCEagrFiTdDr1m,315307,4,0
We Didn't Start the Fire,Billy Joel,1990,0.712,0.967,7,-5.206,1,0.047,0.0771,0,0.356,0.895,145.024,audio_features,3Cx4yrFaX8CeHwBMReOWXI,spotify:track:3Cx4yrFaX8CeHwBMReOWXI,https://api.spotify.com/v1/tracks/3Cx4yrFaX8CeHwBMReOWXI,https://api.spotify.com/v1/audio-analysis/3Cx4yrFaX8CeHwBMReOWXI,287733,4,0
The Living Years,Mike & The Mechanics,1990,0.518,0.417,8,-13.268,1,0.0325,0.58,0,0.0722,0.311,97.63,audio_features,7tJnjRY2js0yXtNUWE4fgF,spotify:track:7tJnjRY2js0yXtNUWE4fgF,https://api.spotify.com/v1/tracks/7tJnjRY2js0yXtNUWE4fgF,https://api.spotify.com/v1/audio-analysis/7tJnjRY2js0yXtNUWE4fgF,330267,4,0
Another Day in Paradise - 2016 Remaster,Phil Collins,1991,0.78,0.565,3,-7.32,0,0.0306,0.736,0.00269,0.063,0.365,101.967,audio_features,1NCuYqMc8hKMb4cpNTcJbD,spotify:track:1NCuYqMc8hKMb4cpNTcJbD,https://api.spotify.com/v1/tracks/1NCuYqMc8hKMb4cpNTcJbD,https://api.spotify.com/v1/audio-analysis/1NCuYqMc8hKMb4cpNTcJbD,322133,4,0
Nothing Compares 2 U,Prince,1991,0.519,0.563,11,-5.04,1,0.0364,0.0952,7.02E-05,0.0895,0.345,124.02,audio_features,70Ukvwcp6LkgfRiuUhGV7l,spotify:track:70Ukvwcp6LkgfRiuUhGV7l,https://api.spotify.com/v1/tracks/70Ukvwcp6LkgfRiuUhGV7l,https://api.spotify.com/v1/audio-analysis/70Ukvwcp6LkgfRiuUhGV7l,280743,4,0
Hold On,Wilson Phillips,1991,0.679,0.657,5,-9.897,1,0.0255,0.4,0,0.0497,0.546,97.8,audio_features,4VZDv8sASBS8UruUBGTFdk,spotify:track:4VZDv8sASBS8UruUBGTFdk,https://api.spotify.com/v1/tracks/4VZDv8sASBS8UruUBGTFdk,https://api.spotify.com/v1/audio-analysis/4VZDv8sASBS8UruUBGTFdk,266867,4,0
Vision of Love,Mariah Carey,1991,0.256,0.464,5,-10.959,1,0.0382,0.433,0,0.121,0.355,205.362,audio_features,0gLQ6jhJsyYfl7PrD1RZ7X,spotify:track:0gLQ6jhJsyYfl7PrD1RZ7X,https://api.spotify.com/v1/tracks/0gLQ6jhJsyYfl7PrD1RZ7X,https://api.spotify.com/v1/audio-analysis/0gLQ6jhJsyYfl7PrD1RZ7X,209293,3,0
"Baby, Baby",Amy Grant,1992,0.702,0.901,1,-4.45,1,0.0264,0.426,0.00153,0.0368,0.919,97.862,audio_features,3IDsegNBHC4pjGCOMTQYlU,spotify:track:3IDsegNBHC4pjGCOMTQYlU,https://api.spotify.com/v1/tracks/3IDsegNBHC4pjGCOMTQYlU,https://api.spotify.com/v1/audio-analysis/3IDsegNBHC4pjGCOMTQYlU,236973,4,0
(Everything I Do) I Do It For You,Bryan Adams,1992,0.526,0.365,1,-12.605,1,0.028,0.0775,1.35E-05,0.0618,0.253,131.253,audio_features,6eBK3edMW7bEzecF1eCezc,spotify:track:6eBK3edMW7bEzecF1eCezc,https://api.spotify.com/v1/tracks/6eBK3edMW7bEzecF1eCezc,https://api.spotify.com/v1/audio-analysis/6eBK3edMW7bEzecF1eCezc,394133,4,0
Losing My Religion,R.E.M.,1992,0.666,0.855,9,-5.051,0,0.0295,0.179,1.20E-06,0.0987,0.803,125.639,audio_features,31AOj9sFz2gM0O3hMARRBx,spotify:track:31AOj9sFz2gM0O3hMARRBx,https://api.spotify.com/v1/tracks/31AOj9sFz2gM0O3hMARRBx,https://api.spotify.com/v1/audio-analysis/31AOj9sFz2gM0O3hMARRBx,268427,4,0
Walking in Memphis,Marc Cohn,1992,0.567,0.512,0,-8.831,1,0.0357,0.545,0,0.296,0.334,130.271,audio_features,5fgkjhICZnqFctrV0AyuQD,spotify:track:5fgkjhICZnqFctrV0AyuQD,https://api.spotify.com/v1/tracks/5fgkjhICZnqFctrV0AyuQD,https://api.spotify.com/v1/audio-analysis/5fgkjhICZnqFctrV0AyuQD,252613,4,0
Achy Breaky Heart,Billy Ray Cyrus,1993,0.8,0.563,9,-10.209,1,0.0303,0.051,0,0.0797,0.961,121.808,audio_features,2EoIt9vdgFRNW03u5IvFsQ,spotify:track:2EoIt9vdgFRNW03u5IvFsQ,https://api.spotify.com/v1/tracks/2EoIt9vdgFRNW03u5IvFsQ,https://api.spotify.com/v1/audio-analysis/2EoIt9vdgFRNW03u5IvFsQ,203373,4,0
"Beauty and the Beast - From ""Beauty and the Beast"" / Soundtrack Version",Various Artists,1993,0.241,0.162,8,-14.447,1,0.035,0.78,4.53E-06,0.153,0.183,171.584,audio_features,2rJFFUEl1LURkV0b0OARXx,spotify:track:2rJFFUEl1LURkV0b0OARXx,https://api.spotify.com/v1/tracks/2rJFFUEl1LURkV0b0OARXx,https://api.spotify.com/v1/audio-analysis/2rJFFUEl1LURkV0b0OARXx,166307,4,0
Constant Craving,k.d. lang,1993,0.6,0.654,5,-8.896,0,0.0269,0.0891,2.60E-05,0.131,0.354,128.24,audio_features,5TK55y7SXDt36Fi14WBG8X,spotify:track:5TK55y7SXDt36Fi14WBG8X,https://api.spotify.com/v1/tracks/5TK55y7SXDt36Fi14WBG8X,https://api.spotify.com/v1/audio-analysis/5TK55y7SXDt36Fi14WBG8X,281773,4,0
Save The Best For Last,Vanessa Williams,1993,0.528,0.234,3,-15.784,1,0.0283,0.641,0,0.183,0.191,95.911,audio_features,7okbmgA8lRBGl5limZ7LFM,spotify:track:7okbmgA8lRBGl5limZ7LFM,https://api.spotify.com/v1/tracks/7okbmgA8lRBGl5limZ7LFM,https://api.spotify.com/v1/audio-analysis/7okbmgA8lRBGl5limZ7LFM,218733,4,0
Harvest Moon,Neil Young,1994,0.648,0.309,2,-12.432,1,0.0264,0.526,0.000249,0.124,0.407,112.929,audio_features,5l9c6bJmzvftumhz4TMPgk,spotify:track:5l9c6bJmzvftumhz4TMPgk,https://api.spotify.com/v1/tracks/5l9c6bJmzvftumhz4TMPgk,https://api.spotify.com/v1/audio-analysis/5l9c6bJmzvftumhz4TMPgk,303213,4,0
I'd Do Anything For Love (But I Won't Do That) - Single Edit,Meat Loaf,1994,0.419,0.672,2,-6.353,1,0.092,0.623,0,0.412,0.304,105.212,audio_features,391CwgcBxvUHmEKda2b5In,spotify:track:391CwgcBxvUHmEKda2b5In,https://api.spotify.com/v1/tracks/391CwgcBxvUHmEKda2b5In,https://api.spotify.com/v1/audio-analysis/391CwgcBxvUHmEKda2b5In,316467,4,0
If I Ever Lose My Faith In You,Sting,1994,0.575,0.727,2,-9.539,1,0.0281,0.00952,0.00754,0.054,0.504,97.995,audio_features,05vL56xSoxthM0r7IfcQjo,spotify:track:05vL56xSoxthM0r7IfcQjo,https://api.spotify.com/v1/tracks/05vL56xSoxthM0r7IfcQjo,https://api.spotify.com/v1/audio-analysis/05vL56xSoxthM0r7IfcQjo,270533,4,0
The River of Dreams,Billy Joel,1994,0.631,0.749,7,-8.15,1,0.0576,0.205,5.21E-06,0.0667,0.437,89.646,audio_features,30qVCFYKBtAENjTIBA8FPZ,spotify:track:30qVCFYKBtAENjTIBA8FPZ,https://api.spotify.com/v1/tracks/30qVCFYKBtAENjTIBA8FPZ,https://api.spotify.com/v1/audio-analysis/30qVCFYKBtAENjTIBA8FPZ,247627,4,0
All I Wanna Do,Sheryl Crow,1995,0.82,0.528,9,-11.179,1,0.0321,0.111,0.0186,0.257,0.931,120.091,audio_features,3ZpQiJ78LKINrW9SQTgbXd,spotify:track:3ZpQiJ78LKINrW9SQTgbXd,https://api.spotify.com/v1/tracks/3ZpQiJ78LKINrW9SQTgbXd,https://api.spotify.com/v1/audio-analysis/3ZpQiJ78LKINrW9SQTgbXd,272107,4,0
"Can You Feel the Love Tonight - End Title/ From ""The Lion King""/Soundtrack Version",Various Artists,1995,0.309,0.181,10,-17.022,1,0.0337,0.87,0.000279,0.118,0.146,124.711,audio_features,0EANX0OVKSCcmarY50Xa4p,spotify:track:0EANX0OVKSCcmarY50Xa4p,https://api.spotify.com/v1/tracks/0EANX0OVKSCcmarY50Xa4p,https://api.spotify.com/v1/audio-analysis/0EANX0OVKSCcmarY50Xa4p,241013,4,0
"Circle of Life - From ""The Lion King""/Soundtrack Version",Various Artists,1995,0.3,0.387,10,-15.321,1,0.0331,0.264,0.215,0.106,0.137,160.587,audio_features,5vKkaZHPzuqQheytfKuXzp,spotify:track:5vKkaZHPzuqQheytfKuXzp,https://api.spotify.com/v1/tracks/5vKkaZHPzuqQheytfKuXzp,https://api.spotify.com/v1/audio-analysis/5vKkaZHPzuqQheytfKuXzp,291600,4,0
I Swear,John Michael Montgomery,1995,0.628,0.496,1,-7.103,1,0.0233,0.242,1.20E-05,0.147,0.266,85.523,audio_features,7wIaLkbQzG6HMnE28etnif,spotify:track:7wIaLkbQzG6HMnE28etnif,https://api.spotify.com/v1/tracks/7wIaLkbQzG6HMnE28etnif,https://api.spotify.com/v1/audio-analysis/7wIaLkbQzG6HMnE28etnif,262520,4,0
One Of Us,Joan Osborne,1996,0.316,0.499,9,-7.899,1,0.0298,0.0108,1.81E-05,0.126,0.403,174.782,audio_features,1xNmF1Uep5OGutizZSbKvd,spotify:track:1xNmF1Uep5OGutizZSbKvd,https://api.spotify.com/v1/tracks/1xNmF1Uep5OGutizZSbKvd,https://api.spotify.com/v1/audio-analysis/1xNmF1Uep5OGutizZSbKvd,320467,4,0
I Can Love You Like That,John Michael Montgomery,1996,0.655,0.336,11,-11.049,1,0.0264,0.302,0,0.343,0.203,88.554,audio_features,19lw4C2aW6TYvxqRsek2Kd,spotify:track:19lw4C2aW6TYvxqRsek2Kd,https://api.spotify.com/v1/tracks/19lw4C2aW6TYvxqRsek2Kd,https://api.spotify.com/v1/audio-analysis/19lw4C2aW6TYvxqRsek2Kd,235000,4,0
You Are Not Alone,Michael Jackson,1996,0.651,0.402,11,-9.303,1,0.028,0.639,7.73E-05,0.0765,0.258,119.873,audio_features,3AoeaZs8dFemFJr3JdzOL0,spotify:track:3AoeaZs8dFemFJr3JdzOL0,https://api.spotify.com/v1/tracks/3AoeaZs8dFemFJr3JdzOL0,https://api.spotify.com/v1/audio-analysis/3AoeaZs8dFemFJr3JdzOL0,345600,4,0
You Oughta Know - 2015 Remaster,Alanis Morissette,1996,0.665,0.834,4,-7.737,1,0.0576,0.21,0,0.452,0.411,105.292,audio_features,3jS7bB0oXVOwGFZn3aE5NV,spotify:track:3jS7bB0oXVOwGFZn3aE5NV,https://api.spotify.com/v1/tracks/3jS7bB0oXVOwGFZn3aE5NV,https://api.spotify.com/v1/audio-analysis/3jS7bB0oXVOwGFZn3aE5NV,249493,4,0
"Because You Loved Me (Theme from ""Up Close and Personal"")",Céline Dion,1997,0.615,0.467,1,-9.883,1,0.0327,0.314,0,0.099,0.177,119.919,audio_features,28UMiBhn383n9S7GL4tsxD,spotify:track:28UMiBhn383n9S7GL4tsxD,https://api.spotify.com/v1/tracks/28UMiBhn383n9S7GL4tsxD,https://api.spotify.com/v1/audio-analysis/28UMiBhn383n9S7GL4tsxD,273667,4,0
Blue,LeAnn Rimes,1997,0.545,0.452,4,-8.604,1,0.0248,0.595,1.29E-06,0.161,0.297,91.294,audio_features,1g5EcKDECPxeI7kgkvcbxm,spotify:track:1g5EcKDECPxeI7kgkvcbxm,https://api.spotify.com/v1/tracks/1g5EcKDECPxeI7kgkvcbxm,https://api.spotify.com/v1/audio-analysis/1g5EcKDECPxeI7kgkvcbxm,169547,4,0
Give Me One Reason,Tracy Chapman,1997,0.608,0.419,11,-10.016,1,0.0331,0.602,7.58E-06,0.108,0.602,100.22,audio_features,4vDBJeeQCbhP9FaPPMsYkY,spotify:track:4vDBJeeQCbhP9FaPPMsYkY,https://api.spotify.com/v1/tracks/4vDBJeeQCbhP9FaPPMsYkY,https://api.spotify.com/v1/audio-analysis/4vDBJeeQCbhP9FaPPMsYkY,268333,4,0
Exhale (Shoop Shoop) - from Waiting to Exhale - Original Soundtrack,Whitney Houston,1997,0.661,0.394,1,-9.032,1,0.0318,0.401,0,0.119,0.107,137.954,audio_features,1X3ypzPnyerpZuMqrDFK29,spotify:track:1X3ypzPnyerpZuMqrDFK29,https://api.spotify.com/v1/tracks/1X3ypzPnyerpZuMqrDFK29,https://api.spotify.com/v1/audio-analysis/1X3ypzPnyerpZuMqrDFK29,204333,4,0
Don't Speak,No Doubt,1998,0.52,0.709,5,-7.125,0,0.0352,0.247,1.78E-05,0.18,0.536,76.039,audio_features,6urCAbunOQI4bLhmGpX7iS,spotify:track:6urCAbunOQI4bLhmGpX7iS,https://api.spotify.com/v1/tracks/6urCAbunOQI4bLhmGpX7iS,https://api.spotify.com/v1/audio-analysis/6urCAbunOQI4bLhmGpX7iS,263560,4,0
How Do I Live,LeAnn Rimes,1998,0.577,0.462,2,-7.989,1,0.0279,0.128,0,0.0822,0.258,128.303,audio_features,7BD50ATrF3Vab5FQy7vtK8,spotify:track:7BD50ATrF3Vab5FQy7vtK8,https://api.spotify.com/v1/tracks/7BD50ATrF3Vab5FQy7vtK8,https://api.spotify.com/v1/audio-analysis/7BD50ATrF3Vab5FQy7vtK8,266973,4,0
I Believe I Can Fly,R. Kelly,1998,0.55,0.444,7,-7.588,1,0.0292,0.241,0,0.187,0.0438,120.179,audio_features,2RzJwBCXsS1VnjDm2jKKAa,spotify:track:2RzJwBCXsS1VnjDm2jKKAa,https://api.spotify.com/v1/tracks/2RzJwBCXsS1VnjDm2jKKAa,https://api.spotify.com/v1/audio-analysis/2RzJwBCXsS1VnjDm2jKKAa,320667,4,0
Where Have All the Cowboys Gone?,Paula Cole,1998,0.588,0.826,11,-6.182,0,0.0569,0.0351,0,0.454,0.621,129.021,audio_features,2ck13qfgRZ1msyEJlDqzvk,spotify:track:2ck13qfgRZ1msyEJlDqzvk,https://api.spotify.com/v1/tracks/2ck13qfgRZ1msyEJlDqzvk,https://api.spotify.com/v1/audio-analysis/2ck13qfgRZ1msyEJlDqzvk,263653,4,0
"I Don't Want to Miss a Thing - From ""Armageddon"" Soundtrack",Various Artists,1999,0.383,0.662,2,-5.162,1,0.0333,0.165,0,0.248,0.138,121.154,audio_features,225xvV8r1yKMHErSWivnow,spotify:track:225xvV8r1yKMHErSWivnow,https://api.spotify.com/v1/tracks/225xvV8r1yKMHErSWivnow,https://api.spotify.com/v1/audio-analysis/225xvV8r1yKMHErSWivnow,298760,4,0
Iris,The Goo Goo Dolls,1999,0.315,0.715,11,-8.072,0,0.0362,0.00125,7.97E-06,0.0942,0.497,155.925,audio_features,6Qyc6fS4DsZjB2mRW9DsQs,spotify:track:6Qyc6fS4DsZjB2mRW9DsQs,https://api.spotify.com/v1/tracks/6Qyc6fS4DsZjB2mRW9DsQs,https://api.spotify.com/v1/audio-analysis/6Qyc6fS4DsZjB2mRW9DsQs,289533,3,0
Lean On Me,Kirk Franklin,1999,0.517,0.464,5,-8.021,1,0.0275,0.269,0,0.0827,0.162,106.395,audio_features,4IyemaA2yUElYlOiCV1vGC,spotify:track:4IyemaA2yUElYlOiCV1vGC,https://api.spotify.com/v1/tracks/4IyemaA2yUElYlOiCV1vGC,https://api.spotify.com/v1/audio-analysis/4IyemaA2yUElYlOiCV1vGC,309067,4,0
You're Still The One,Shania Twain,1999,0.585,0.494,3,-8.751,1,0.0353,0.363,0,0.0886,0.634,133.822,audio_features,1wb4P4F0sxAQ2KXrRvsx6n,spotify:track:1wb4P4F0sxAQ2KXrRvsx6n,https://api.spotify.com/v1/tracks/1wb4P4F0sxAQ2KXrRvsx6n,https://api.spotify.com/v1/audio-analysis/1wb4P4F0sxAQ2KXrRvsx6n,212200,4,0
I Want It That Way,Backstreet Boys,2000,0.689,0.694,6,-5.83,0,0.027,0.257,0,0.148,0.482,99.039,audio_features,47BBI51FKFwOMlIiX6m8ya,spotify:track:47BBI51FKFwOMlIiX6m8ya,https://api.spotify.com/v1/tracks/47BBI51FKFwOMlIiX6m8ya,https://api.spotify.com/v1/audio-analysis/47BBI51FKFwOMlIiX6m8ya,213307,4,0
Livin' la Vida Loca,Ricky Martin,2000,0.425,0.954,1,-3.756,0,0.0476,0.00411,0,0.0555,0.933,178.043,audio_features,0Ph6L4l8dYUuXFmb71Ajnd,spotify:track:0Ph6L4l8dYUuXFmb71Ajnd,https://api.spotify.com/v1/tracks/0Ph6L4l8dYUuXFmb71Ajnd,https://api.spotify.com/v1/audio-analysis/0Ph6L4l8dYUuXFmb71Ajnd,243160,4,0
Unpretty,TLC,2000,0.648,0.622,7,-6.063,1,0.0428,0.00152,5.97E-05,0.109,0.51,88.684,audio_features,0BUoLE4o9eVahDHvTqak67,spotify:track:0BUoLE4o9eVahDHvTqak67,https://api.spotify.com/v1/tracks/0BUoLE4o9eVahDHvTqak67,https://api.spotify.com/v1/audio-analysis/0BUoLE4o9eVahDHvTqak67,278067,4,0
You've Got A Way,Shania Twain,2000,0.577,0.301,9,-9.857,1,0.0268,0.592,0,0.108,0.203,131.967,audio_features,4FpYzosLDCvIuX7mS6qX3q,spotify:track:4FpYzosLDCvIuX7mS6qX3q,https://api.spotify.com/v1/tracks/4FpYzosLDCvIuX7mS6qX3q,https://api.spotify.com/v1/audio-analysis/4FpYzosLDCvIuX7mS6qX3q,209760,4,0
Breathe,Faith Hill,2001,0.529,0.496,7,-9.007,1,0.029,0.173,0,0.251,0.278,136.859,audio_features,3y4LxiYMgDl4RethdzpmNe,spotify:track:3y4LxiYMgDl4RethdzpmNe,https://api.spotify.com/v1/tracks/3y4LxiYMgDl4RethdzpmNe,https://api.spotify.com/v1/audio-analysis/3y4LxiYMgDl4RethdzpmNe,250547,4,0
I Hope You Dance,Lee Ann Womack,2001,0.385,0.443,7,-9.627,0,0.0295,0.0632,0,0.0898,0.275,151.278,audio_features,65B1tEOv5W294uCKbmEcFV,spotify:track:65B1tEOv5W294uCKbmEcFV,https://api.spotify.com/v1/tracks/65B1tEOv5W294uCKbmEcFV,https://api.spotify.com/v1/audio-analysis/65B1tEOv5W294uCKbmEcFV,294533,4,0
I Try,Macy Gray,2001,0.593,0.642,2,-7.284,1,0.0299,0.313,0.000582,0.0804,0.736,76.403,audio_features,5TAf4lnZCZTLlZHNZMLFLi,spotify:track:5TAf4lnZCZTLlZHNZMLFLi,https://api.spotify.com/v1/tracks/5TAf4lnZCZTLlZHNZMLFLi,https://api.spotify.com/v1/audio-analysis/5TAf4lnZCZTLlZHNZMLFLi,239440,4,0
Say My Name,Destiny's Child,2001,0.713,0.678,5,-3.525,0,0.102,0.273,0,0.149,0.734,138.009,audio_features,7H6ev70Weq6DdpZyyTmUXk,spotify:track:7H6ev70Weq6DdpZyyTmUXk,https://api.spotify.com/v1/tracks/7H6ev70Weq6DdpZyyTmUXk,https://api.spotify.com/v1/audio-analysis/7H6ev70Weq6DdpZyyTmUXk,271333,4,0
Drops of Jupiter (Tell Me),Train,2002,0.481,0.638,0,-5.862,1,0.0276,0.153,0,0.154,0.497,79.064,audio_features,2hKdd3qO7cWr2Jo0Bcs0MA,spotify:track:2hKdd3qO7cWr2Jo0Bcs0MA,https://api.spotify.com/v1/tracks/2hKdd3qO7cWr2Jo0Bcs0MA,https://api.spotify.com/v1/audio-analysis/2hKdd3qO7cWr2Jo0Bcs0MA,259933,4,0
I'm Like A Bird,Nelly Furtado,2002,0.622,0.608,10,-5.085,1,0.036,0.138,5.38E-06,0.273,0.607,89.661,audio_features,2tP7ZekzXfduShx8C6cbll,spotify:track:2tP7ZekzXfduShx8C6cbll,https://api.spotify.com/v1/tracks/2tP7ZekzXfduShx8C6cbll,https://api.spotify.com/v1/audio-analysis/2tP7ZekzXfduShx8C6cbll,243160,4,0
Stuck In A Moment You Can't Get Out Of,U2,2002,0.524,0.644,4,-4.986,1,0.0238,0.391,0.000246,0.168,0.324,158.52,audio_features,3xjTuTBaihydhSC7ByNoSb,spotify:track:3xjTuTBaihydhSC7ByNoSb,https://api.spotify.com/v1/tracks/3xjTuTBaihydhSC7ByNoSb,https://api.spotify.com/v1/audio-analysis/3xjTuTBaihydhSC7ByNoSb,271800,4,0
Video,India.Arie,2002,0.652,0.604,9,-8.766,0,0.227,0.111,1.01E-05,0.0409,0.675,170.003,audio_features,4oiAlcisfimXQc1wyAtX9a,spotify:track:4oiAlcisfimXQc1wyAtX9a,https://api.spotify.com/v1/tracks/4oiAlcisfimXQc1wyAtX9a,https://api.spotify.com/v1/audio-analysis/4oiAlcisfimXQc1wyAtX9a,249960,4,0
Complicated,Avril Lavigne,2003,0.585,0.776,5,-5.898,1,0.0459,0.0572,7.74E-06,0.3,0.427,77.987,audio_features,5xEM5hIgJ1jjgcEBfpkt2F,spotify:track:5xEM5hIgJ1jjgcEBfpkt2F,https://api.spotify.com/v1/tracks/5xEM5hIgJ1jjgcEBfpkt2F,https://api.spotify.com/v1/audio-analysis/5xEM5hIgJ1jjgcEBfpkt2F,244507,4,0
The Rising,Bruce Springsteen,2003,0.499,0.761,10,-6.381,1,0.0324,0.0655,0,0.0895,0.326,110.186,audio_features,2czBvzOv3TvnyoW7Ozo7fP,spotify:track:2czBvzOv3TvnyoW7Ozo7fP,https://api.spotify.com/v1/tracks/2czBvzOv3TvnyoW7Ozo7fP,https://api.spotify.com/v1/audio-analysis/2czBvzOv3TvnyoW7Ozo7fP,287040,4,0
A Thousand Miles,Vanessa Carlton,2003,0.56,0.825,11,-3.862,1,0.0379,0.323,0,0.161,0.268,94.931,audio_features,4w1lzcaoZ1IC2K5TwjalRP,spotify:track:4w1lzcaoZ1IC2K5TwjalRP,https://api.spotify.com/v1/tracks/4w1lzcaoZ1IC2K5TwjalRP,https://api.spotify.com/v1/audio-analysis/4w1lzcaoZ1IC2K5TwjalRP,237493,4,0
Where Were You (When the World Stopped Turning),Alan Jackson,2003,0.647,0.388,0,-9.194,1,0.0311,0.473,0,0.0754,0.188,115.432,audio_features,4aOQG9TYcZOhT3sngkMI9K,spotify:track:4aOQG9TYcZOhT3sngkMI9K,https://api.spotify.com/v1/tracks/4aOQG9TYcZOhT3sngkMI9K,https://api.spotify.com/v1/audio-analysis/4aOQG9TYcZOhT3sngkMI9K,305093,4,0
Beautiful,Christina Aguilera,2004,0.456,0.573,5,-3.866,0,0.0275,0.578,3.05E-06,0.114,0.0992,76.19,audio_features,3TCauNPqFiniaYHBvEVoHG,spotify:track:3TCauNPqFiniaYHBvEVoHG,https://api.spotify.com/v1/tracks/3TCauNPqFiniaYHBvEVoHG,https://api.spotify.com/v1/audio-analysis/3TCauNPqFiniaYHBvEVoHG,238560,4,0
I'm with You,Avril Lavigne,2004,0.457,0.406,9,-7.462,1,0.0291,0.08,0,0.117,0.208,151.95,audio_features,1jlG3KJ3gdYmhfuySFfpO1,spotify:track:1jlG3KJ3gdYmhfuySFfpO1,https://api.spotify.com/v1/tracks/1jlG3KJ3gdYmhfuySFfpO1,https://api.spotify.com/v1/audio-analysis/1jlG3KJ3gdYmhfuySFfpO1,223067,3,0
Keep Me in Your Heart,Warren Zevon,2004,0.427,0.393,7,-9.142,1,0.0418,0.832,1.54E-06,0.0932,0.244,177.429,audio_features,6eceqMrRFKCnq7ksH2L7Wp,spotify:track:6eceqMrRFKCnq7ksH2L7Wp,https://api.spotify.com/v1/tracks/6eceqMrRFKCnq7ksH2L7Wp,https://api.spotify.com/v1/audio-analysis/6eceqMrRFKCnq7ksH2L7Wp,208027,4,0
Lose Yourself,Various Artists,2004,0.684,0.735,2,-4.596,1,0.273,0.00925,0.000659,0.288,0.06,171.383,audio_features,6GkTKjv1XbFVdI2D8vvDPu,spotify:track:6GkTKjv1XbFVdI2D8vvDPu,https://api.spotify.com/v1/tracks/6GkTKjv1XbFVdI2D8vvDPu,https://api.spotify.com/v1/audio-analysis/6GkTKjv1XbFVdI2D8vvDPu,320293,4,0
If I Ain't Got You,Alicia Keys,2005,0.609,0.444,7,-9.129,1,0.106,0.603,6.86E-06,0.104,0.166,118.402,audio_features,3XVBdLihbNbxUwZosxcGuJ,spotify:track:3XVBdLihbNbxUwZosxcGuJ,https://api.spotify.com/v1/tracks/3XVBdLihbNbxUwZosxcGuJ,https://api.spotify.com/v1/audio-analysis/3XVBdLihbNbxUwZosxcGuJ,228707,3,0
Jesus Walks,Kanye West,2005,0.637,0.834,3,-4.686,0,0.323,0.614,0,0.317,0.715,87.312,audio_features,5g1vtHqi9uV7xtYeCcFOBx,spotify:track:5g1vtHqi9uV7xtYeCcFOBx,https://api.spotify.com/v1/tracks/5g1vtHqi9uV7xtYeCcFOBx,https://api.spotify.com/v1/audio-analysis/5g1vtHqi9uV7xtYeCcFOBx,193733,4,0
Live Like You Were Dying,Tim McGraw,2005,0.416,0.546,7,-7.728,1,0.0297,0.492,0,0.0845,0.418,159.929,audio_features,7B1QliUMZv7gSTUGAfMRRD,spotify:track:7B1QliUMZv7gSTUGAfMRRD,https://api.spotify.com/v1/tracks/7B1QliUMZv7gSTUGAfMRRD,https://api.spotify.com/v1/audio-analysis/7B1QliUMZv7gSTUGAfMRRD,300333,4,0
The Reason,Hoobastank,2005,0.472,0.671,4,-4.649,1,0.029,0.0129,0,0.159,0.0681,82.952,audio_features,77loZpT5Y5PRP1S451P9Yz,spotify:track:77loZpT5Y5PRP1S451P9Yz,https://api.spotify.com/v1/tracks/77loZpT5Y5PRP1S451P9Yz,https://api.spotify.com/v1/audio-analysis/77loZpT5Y5PRP1S451P9Yz,232800,4,0
Bless The Broken Road,Rascal Flatts,2006,0.591,0.45,0,-6.369,1,0.0266,0.671,2.23E-05,0.159,0.344,135.893,audio_features,4YjjNHtEsTX6Af4mCTupT5,spotify:track:4YjjNHtEsTX6Af4mCTupT5,https://api.spotify.com/v1/tracks/4YjjNHtEsTX6Af4mCTupT5,https://api.spotify.com/v1/audio-analysis/4YjjNHtEsTX6Af4mCTupT5,226680,4,0
Devils & Dust,Bruce Springsteen,2006,0.638,0.443,2,-6.86,1,0.0283,0.374,0.000483,0.547,0.556,111.079,audio_features,4YUSC63LMMUbaeLjcfT4Go,spotify:track:4YUSC63LMMUbaeLjcfT4Go,https://api.spotify.com/v1/tracks/4YUSC63LMMUbaeLjcfT4Go,https://api.spotify.com/v1/audio-analysis/4YUSC63LMMUbaeLjcfT4Go,298627,4,0
Ordinary People,John Legend,2006,0.469,0.132,10,-14.001,1,0.0798,0.928,0,0.0873,0.36,66.989,audio_features,2ZA4uMlSZjaoWGFqP1tsLI,spotify:track:2ZA4uMlSZjaoWGFqP1tsLI,https://api.spotify.com/v1/tracks/2ZA4uMlSZjaoWGFqP1tsLI,https://api.spotify.com/v1/audio-analysis/2ZA4uMlSZjaoWGFqP1tsLI,281467,3,0
We Belong Together,Mariah Carey,2006,0.837,0.462,0,-7.89,1,0.0601,0.0339,0,0.09,0.762,139.986,audio_features,3LmvfNUQtglbTrydsdIqFU,spotify:track:3LmvfNUQtglbTrydsdIqFU,https://api.spotify.com/v1/tracks/3LmvfNUQtglbTrydsdIqFU,https://api.spotify.com/v1/audio-analysis/3LmvfNUQtglbTrydsdIqFU,201400,4,0
Be Without You - Kendu Mix,Mary J. Blige,2007,0.724,0.705,2,-5.859,0,0.112,0.067,0,0.262,0.662,146.589,audio_features,2YegxR5As7BeQuVp2U6pek,spotify:track:2YegxR5As7BeQuVp2U6pek,https://api.spotify.com/v1/tracks/2YegxR5As7BeQuVp2U6pek,https://api.spotify.com/v1/audio-analysis/2YegxR5As7BeQuVp2U6pek,246333,4,0
"Jesus, Take the Wheel",Carrie Underwood,2007,0.359,0.518,2,-3.537,1,0.0302,0.665,0,0.106,0.135,76.572,audio_features,3lec3CzDPAxsZokPph5w87,spotify:track:3lec3CzDPAxsZokPph5w87,https://api.spotify.com/v1/tracks/3lec3CzDPAxsZokPph5w87,https://api.spotify.com/v1/audio-analysis/3lec3CzDPAxsZokPph5w87,226493,4,0
Put Your Records On,Corinne Bailey Rae,2007,0.739,0.511,9,-7.844,1,0.0362,0.167,1.34E-06,0.133,0.542,96.038,audio_features,2nGFzvICaeEWjIrBrL2RAx,spotify:track:2nGFzvICaeEWjIrBrL2RAx,https://api.spotify.com/v1/tracks/2nGFzvICaeEWjIrBrL2RAx,https://api.spotify.com/v1/audio-analysis/2nGFzvICaeEWjIrBrL2RAx,215360,4,0
You're Beautiful,James Blunt,2007,0.675,0.479,0,-9.87,0,0.0278,0.633,1.76E-05,0.088,0.454,81.998,audio_features,0vg4WnUWvze6pBOJDTq99k,spotify:track:0vg4WnUWvze6pBOJDTq99k,https://api.spotify.com/v1/tracks/0vg4WnUWvze6pBOJDTq99k,https://api.spotify.com/v1/audio-analysis/0vg4WnUWvze6pBOJDTq99k,209493,4,0
Before He Cheats,Carrie Underwood,2008,0.519,0.749,6,-3.318,0,0.0405,0.271,0,0.119,0.29,147.905,audio_features,0ZUo4YjG4saFnEJhdWp9Bt,spotify:track:0ZUo4YjG4saFnEJhdWp9Bt,https://api.spotify.com/v1/tracks/0ZUo4YjG4saFnEJhdWp9Bt,https://api.spotify.com/v1/audio-analysis/0ZUo4YjG4saFnEJhdWp9Bt,199947,4,0
Hey There Delilah,Plain White T's,2008,0.656,0.291,2,-10.572,1,0.0293,0.872,0,0.114,0.298,103.971,audio_features,4RCWB3V8V0dignt99LZ8vH,spotify:track:4RCWB3V8V0dignt99LZ8vH,https://api.spotify.com/v1/tracks/4RCWB3V8V0dignt99LZ8vH,https://api.spotify.com/v1/audio-analysis/4RCWB3V8V0dignt99LZ8vH,232533,4,0
Like A Star,Corinne Bailey Rae,2008,0.606,0.226,2,-10.617,0,0.0347,0.715,1.00E-04,0.35,0.142,122.711,audio_features,5Anh8jULgeUgciLHCR25Mk,spotify:track:5Anh8jULgeUgciLHCR25Mk,https://api.spotify.com/v1/tracks/5Anh8jULgeUgciLHCR25Mk,https://api.spotify.com/v1/audio-analysis/5Anh8jULgeUgciLHCR25Mk,243213,4,0
Umbrella,Rihanna,2008,0.583,0.829,1,-4.603,1,0.134,0.00864,0,0.0426,0.575,174.028,audio_features,49FYlytm3dAAraYgpoJZux,spotify:track:49FYlytm3dAAraYgpoJZux,https://api.spotify.com/v1/tracks/49FYlytm3dAAraYgpoJZux,https://api.spotify.com/v1/audio-analysis/49FYlytm3dAAraYgpoJZux,275987,4,0
American Boy,Estelle,2009,0.727,0.729,0,-2.99,1,0.326,0.171,0,0.07,0.512,117.932,audio_features,22UDw8rSfLbUsaAGTXQ4Z8,spotify:track:22UDw8rSfLbUsaAGTXQ4Z8,https://api.spotify.com/v1/tracks/22UDw8rSfLbUsaAGTXQ4Z8,https://api.spotify.com/v1/audio-analysis/22UDw8rSfLbUsaAGTXQ4Z8,284733,4,0
Chasing Pavements,Adele,2009,0.621,0.473,5,-6.07,0,0.0251,0.312,0,0.11,0.325,80.027,audio_features,71WAtDcWVYMoCsblD2uQXx,spotify:track:71WAtDcWVYMoCsblD2uQXx,https://api.spotify.com/v1/tracks/71WAtDcWVYMoCsblD2uQXx,https://api.spotify.com/v1/audio-analysis/71WAtDcWVYMoCsblD2uQXx,210507,4,0
I'm Yours,Jason Mraz,2009,0.686,0.457,11,-8.322,1,0.0468,0.595,0,0.105,0.718,150.953,audio_features,1EzrEOXmMH3G43AXT1y7pA,spotify:track:1EzrEOXmMH3G43AXT1y7pA,https://api.spotify.com/v1/tracks/1EzrEOXmMH3G43AXT1y7pA,https://api.spotify.com/v1/audio-analysis/1EzrEOXmMH3G43AXT1y7pA,242187,4,0
Love Song,Sara Bareilles,2009,0.583,0.786,2,-3.142,0,0.0301,0.0208,0,0.188,0.573,123.055,audio_features,4E6cwWJWZw2zWf7VFbH7wf,spotify:track:4E6cwWJWZw2zWf7VFbH7wf,https://api.spotify.com/v1/tracks/4E6cwWJWZw2zWf7VFbH7wf,https://api.spotify.com/v1/audio-analysis/4E6cwWJWZw2zWf7VFbH7wf,258827,4,0
Poker Face,Lady Gaga,2010,0.851,0.806,4,-4.618,1,0.0786,0.12,1.33E-06,0.121,0.776,119.001,audio_features,0WfKDYeUAoLA3vdvLKKWMW,spotify:track:0WfKDYeUAoLA3vdvLKKWMW,https://api.spotify.com/v1/tracks/0WfKDYeUAoLA3vdvLKKWMW,https://api.spotify.com/v1/audio-analysis/0WfKDYeUAoLA3vdvLKKWMW,237200,4,0
Pretty Wings - uncut,Maxwell,2010,0.563,0.402,9,-10.496,1,0.0668,0.252,2.07E-06,0.0886,0.2,115.561,audio_features,22NLm3IIR9NLG0cUYtmHMW,spotify:track:22NLm3IIR9NLG0cUYtmHMW,https://api.spotify.com/v1/tracks/22NLm3IIR9NLG0cUYtmHMW,https://api.spotify.com/v1/audio-analysis/22NLm3IIR9NLG0cUYtmHMW,310520,4,0
Use Somebody,Kings of Leon,2010,0.276,0.715,0,-5.356,1,0.0432,0.00552,0.000417,0.201,0.173,137.028,audio_features,5VGlqQANWDKJFl0MBG3sg2,spotify:track:5VGlqQANWDKJFl0MBG3sg2,https://api.spotify.com/v1/tracks/5VGlqQANWDKJFl0MBG3sg2,https://api.spotify.com/v1/audio-analysis/5VGlqQANWDKJFl0MBG3sg2,230760,4,0
You Belong With Me,Taylor Swift,2010,0.687,0.783,6,-4.44,1,0.0386,0.162,1.35E-05,0.114,0.443,129.964,audio_features,3GCL1PydwsLodcpv0Ll1ch,spotify:track:3GCL1PydwsLodcpv0Ll1ch,https://api.spotify.com/v1/tracks/3GCL1PydwsLodcpv0Ll1ch,https://api.spotify.com/v1/audio-analysis/3GCL1PydwsLodcpv0Ll1ch,231133,4,0
Beg Steal or Borrow (with The Pariah Dogs),Ray LaMontagne,2011,0.472,0.55,6,-8.517,1,0.0281,0.462,0.000561,0.172,0.395,148.097,audio_features,7fMYBrlKl9mkcMTUGT4j6l,spotify:track:7fMYBrlKl9mkcMTUGT4j6l,https://api.spotify.com/v1/tracks/7fMYBrlKl9mkcMTUGT4j6l,https://api.spotify.com/v1/audio-analysis/7fMYBrlKl9mkcMTUGT4j6l,272667,4,0
Fuck You,CeeLo Green,2011,0.69,0.834,0,-5.79,1,0.0566,0.129,0,0.136,0.738,127.43,audio_features,4ycLiPVzE5KamivXrAzGFG,spotify:track:4ycLiPVzE5KamivXrAzGFG,https://api.spotify.com/v1/tracks/4ycLiPVzE5KamivXrAzGFG,https://api.spotify.com/v1/audio-analysis/4ycLiPVzE5KamivXrAzGFG,222933,4,0
The House That Built Me,Miranda Lambert,2011,0.515,0.3,5,-8.005,1,0.0289,0.575,8.46E-06,0.115,0.206,81.12,audio_features,02eD9ymfJOJOhM97HYp5R9,spotify:track:02eD9ymfJOJOhM97HYp5R9,https://api.spotify.com/v1/tracks/02eD9ymfJOJOhM97HYp5R9,https://api.spotify.com/v1/audio-analysis/02eD9ymfJOJOhM97HYp5R9,236627,4,0
Love The Way You Lie,Eminem,2011,0.749,0.925,10,-5.034,1,0.227,0.241,0,0.52,0.641,86.989,audio_features,15JINEqzVMv3SvJTAXAKED,spotify:track:15JINEqzVMv3SvJTAXAKED,https://api.spotify.com/v1/tracks/15JINEqzVMv3SvJTAXAKED,https://api.spotify.com/v1/audio-analysis/15JINEqzVMv3SvJTAXAKED,263373,4,0
All Of The Lights,Kanye West,2012,0.531,0.803,1,-3.284,1,0.0717,0.0796,1.71E-05,0.176,0.221,142.113,audio_features,22L7bfCiAkJo5xGSQgmiIO,spotify:track:22L7bfCiAkJo5xGSQgmiIO,https://api.spotify.com/v1/tracks/22L7bfCiAkJo5xGSQgmiIO,https://api.spotify.com/v1/audio-analysis/22L7bfCiAkJo5xGSQgmiIO,299613,4,0
The Cave,Mumford & Sons,2012,0.595,0.506,4,-9.682,1,0.0388,0.0464,0.000138,0.107,0.346,141.981,audio_features,7IxVWmdabNVhfLBV3JD0nJ,spotify:track:7IxVWmdabNVhfLBV3JD0nJ,https://api.spotify.com/v1/tracks/7IxVWmdabNVhfLBV3JD0nJ,https://api.spotify.com/v1/audio-analysis/7IxVWmdabNVhfLBV3JD0nJ,217987,4,0
Grenade,Bruno Mars,2012,0.706,0.558,2,-7.237,0,0.0593,0.146,0,0.118,0.227,110.443,audio_features,2tJulUYLDKOg9XrtVkMgcJ,spotify:track:2tJulUYLDKOg9XrtVkMgcJ,https://api.spotify.com/v1/tracks/2tJulUYLDKOg9XrtVkMgcJ,https://api.spotify.com/v1/audio-analysis/2tJulUYLDKOg9XrtVkMgcJ,223253,4,0
Holocene,Bon Iver,2012,0.375,0.304,1,-14.52,1,0.0302,0.943,0.303,0.126,0.147,147.989,audio_features,4fbvXwMTXPWaFyaMWUm9CR,spotify:track:4fbvXwMTXPWaFyaMWUm9CR,https://api.spotify.com/v1/tracks/4fbvXwMTXPWaFyaMWUm9CR,https://api.spotify.com/v1/audio-analysis/4fbvXwMTXPWaFyaMWUm9CR,336613,4,0
The A Team,Ed Sheeran,2013,0.642,0.289,9,-9.918,1,0.0367,0.669,0,0.18,0.407,84.996,audio_features,1VdZ0vKfR5jneCmWIUAMxK,spotify:track:1VdZ0vKfR5jneCmWIUAMxK,https://api.spotify.com/v1/tracks/1VdZ0vKfR5jneCmWIUAMxK,https://api.spotify.com/v1/audio-analysis/1VdZ0vKfR5jneCmWIUAMxK,258373,4,0
Adorn,Miguel,2013,0.625,0.576,11,-5.693,0,0.175,0.0543,4.07E-05,0.187,0.235,179.063,audio_features,25cUhiAod71TIQSNicOaW3,spotify:track:25cUhiAod71TIQSNicOaW3,https://api.spotify.com/v1/tracks/25cUhiAod71TIQSNicOaW3,https://api.spotify.com/v1/audio-analysis/25cUhiAod71TIQSNicOaW3,193147,4,0
Call Me Maybe,Carly Rae Jepsen,2013,0.783,0.58,7,-6.548,1,0.0408,0.0114,2.28E-06,0.108,0.66,120.021,audio_features,3TGRqZ0a2l1LRblBkJoaDx,spotify:track:3TGRqZ0a2l1LRblBkJoaDx,https://api.spotify.com/v1/tracks/3TGRqZ0a2l1LRblBkJoaDx,https://api.spotify.com/v1/audio-analysis/3TGRqZ0a2l1LRblBkJoaDx,193400,4,0
Stronger (What Doesn't Kill You),Kelly Clarkson,2013,0.562,0.939,0,-4.282,1,0.0475,0.046,0,0.112,0.684,116.044,audio_features,6D60klaHqbCl9ySc8VcRss,spotify:track:6D60klaHqbCl9ySc8VcRss,https://api.spotify.com/v1/tracks/6D60klaHqbCl9ySc8VcRss,https://api.spotify.com/v1/audio-analysis/6D60klaHqbCl9ySc8VcRss,221947,4,0
Just Give Me a Reason (feat. Nate Ruess),P!nk,2014,0.778,0.547,2,-7.273,1,0.0489,0.346,0.000302,0.132,0.441,95.002,audio_features,1mKXFLRA179hdOWQBwUk9e,spotify:track:1mKXFLRA179hdOWQBwUk9e,https://api.spotify.com/v1/tracks/1mKXFLRA179hdOWQBwUk9e,https://api.spotify.com/v1/audio-analysis/1mKXFLRA179hdOWQBwUk9e,242733,4,0
Locked out of Heaven,Bruno Mars,2014,0.726,0.698,5,-4.165,1,0.0431,0.049,0,0.309,0.867,143.994,audio_features,3w3y8KPTfNeOKPiqUTakBh,spotify:track:3w3y8KPTfNeOKPiqUTakBh,https://api.spotify.com/v1/tracks/3w3y8KPTfNeOKPiqUTakBh,https://api.spotify.com/v1/audio-analysis/3w3y8KPTfNeOKPiqUTakBh,233478,4,0
Roar,Katy Perry,2014,0.554,0.772,7,-4.821,0,0.0418,0.00487,6.60E-06,0.354,0.455,179.984,audio_features,6F5c58TMEs1byxUstkzVeM,spotify:track:6F5c58TMEs1byxUstkzVeM,https://api.spotify.com/v1/tracks/6F5c58TMEs1byxUstkzVeM,https://api.spotify.com/v1/audio-analysis/6F5c58TMEs1byxUstkzVeM,223546,4,0
Same Love - feat. Mary Lambert,Macklemore & Ryan Lewis,2014,0.688,0.473,8,-9.059,1,0.167,0.716,4.46E-05,0.104,0.299,84.958,audio_features,01uqI4H13Gsd8Lyl1EYd8H,spotify:track:01uqI4H13Gsd8Lyl1EYd8H,https://api.spotify.com/v1/tracks/01uqI4H13Gsd8Lyl1EYd8H,https://api.spotify.com/v1/audio-analysis/01uqI4H13Gsd8Lyl1EYd8H,318525,4,0
All About That Bass,Meghan Trainor,2015,0.807,0.887,9,-3.726,1,0.0503,0.0573,2.87E-06,0.124,0.961,134.052,audio_features,5jE48hhRu8E6zBDPRSkEq7,spotify:track:5jE48hhRu8E6zBDPRSkEq7,https://api.spotify.com/v1/tracks/5jE48hhRu8E6zBDPRSkEq7,https://api.spotify.com/v1/audio-analysis/5jE48hhRu8E6zBDPRSkEq7,187920,4,0
Chandelier,Sia,2015,0.399,0.787,1,-2.88,1,0.0499,0.0197,6.07E-05,0.0685,0.572,117.089,audio_features,2s1sdSqGcKxpPr5lCl7jAV,spotify:track:2s1sdSqGcKxpPr5lCl7jAV,https://api.spotify.com/v1/tracks/2s1sdSqGcKxpPr5lCl7jAV,https://api.spotify.com/v1/audio-analysis/2s1sdSqGcKxpPr5lCl7jAV,216120,5,0
Shake It Off,Taylor Swift,2015,0.648,0.785,7,-5.414,1,0.165,0.0561,0,0.148,0.943,160.02,audio_features,5xTtaWoae3wi06K5WfVUUH,spotify:track:5xTtaWoae3wi06K5WfVUUH,https://api.spotify.com/v1/tracks/5xTtaWoae3wi06K5WfVUUH,https://api.spotify.com/v1/audio-analysis/5xTtaWoae3wi06K5WfVUUH,219200,4,0
Take Me to Church,Hozier,2015,0.566,0.664,4,-5.303,0,0.0464,0.634,0,0.116,0.437,128.945,audio_features,1CS7Sd1u5tWkstBhpssyjP,spotify:track:1CS7Sd1u5tWkstBhpssyjP,https://api.spotify.com/v1/tracks/1CS7Sd1u5tWkstBhpssyjP,https://api.spotify.com/v1/audio-analysis/1CS7Sd1u5tWkstBhpssyjP,241693,4,0
Alright,Kendrick Lamar,2016,0.796,0.766,7,-5.974,1,0.238,0.0742,0,0.0827,0.558,110.034,audio_features,3iVcZ5G6tvkXZkZKlMpIUs,spotify:track:3iVcZ5G6tvkXZkZKlMpIUs,https://api.spotify.com/v1/tracks/3iVcZ5G6tvkXZkZKlMpIUs,https://api.spotify.com/v1/audio-analysis/3iVcZ5G6tvkXZkZKlMpIUs,219333,4,0
Blank Space,Taylor Swift,2016,0.752,0.678,5,-5.421,1,0.0646,0.085,1.64E-06,0.13,0.583,96.009,audio_features,1p80LdxRV74UKvL8gnD7ky,spotify:track:1p80LdxRV74UKvL8gnD7ky,https://api.spotify.com/v1/tracks/1p80LdxRV74UKvL8gnD7ky,https://api.spotify.com/v1/audio-analysis/1p80LdxRV74UKvL8gnD7ky,231827,4,0
Girl Crush,Little Big Town,2016,0.5,0.225,0,-10.22,1,0.0302,0.842,0,0.112,0.355,173.788,audio_features,11qh54D0PKkBwelpDxxiEU,spotify:track:11qh54D0PKkBwelpDxxiEU,https://api.spotify.com/v1/tracks/11qh54D0PKkBwelpDxxiEU,https://api.spotify.com/v1/audio-analysis/11qh54D0PKkBwelpDxxiEU,193320,3,0
See You Again (feat. Charlie Puth),Wiz Khalifa,2016,0.689,0.481,10,-7.503,1,0.0815,0.369,1.03E-06,0.0649,0.283,80.025,audio_features,2JzZzZUQj3Qff7wapcbKjc,spotify:track:2JzZzZUQj3Qff7wapcbKjc,https://api.spotify.com/v1/tracks/2JzZzZUQj3Qff7wapcbKjc,https://api.spotify.com/v1/audio-analysis/2JzZzZUQj3Qff7wapcbKjc,229526,4,0
Formation,Beyoncé,2017,0.896,0.621,5,-6.857,0,0.237,0.00532,0,0.196,0.818,121.966,audio_features,6g0Orsxv6glTJCt4cHsRsQ,spotify:track:6g0Orsxv6glTJCt4cHsRsQ,https://api.spotify.com/v1/tracks/6g0Orsxv6glTJCt4cHsRsQ,https://api.spotify.com/v1/audio-analysis/6g0Orsxv6glTJCt4cHsRsQ,206080,4,0
I Took A Pill In Ibiza,Mike Posner,2017,0.637,0.318,10,-10.07,1,0.0716,0.622,1.58E-06,0.125,0.383,74.11,audio_features,3CCyVdprlcXui4ZwMw1hNS,spotify:track:3CCyVdprlcXui4ZwMw1hNS,https://api.spotify.com/v1/tracks/3CCyVdprlcXui4ZwMw1hNS,https://api.spotify.com/v1/audio-analysis/3CCyVdprlcXui4ZwMw1hNS,280800,4,0
Love Yourself,Justin Bieber,2017,0.609,0.378,4,-9.828,1,0.438,0.835,0,0.28,0.515,100.418,audio_features,50kpGaPAhYJ3sGmk6vplg0,spotify:track:50kpGaPAhYJ3sGmk6vplg0,https://api.spotify.com/v1/tracks/50kpGaPAhYJ3sGmk6vplg0,https://api.spotify.com/v1/audio-analysis/50kpGaPAhYJ3sGmk6vplg0,233720,4,0
7 Years,Lukas Graham,2017,0.765,0.473,10,-5.829,1,0.0514,0.287,0,0.391,0.34,119.992,audio_features,5kqIPrATaCc2LqxVWzQGbk,spotify:track:5kqIPrATaCc2LqxVWzQGbk,https://api.spotify.com/v1/tracks/5kqIPrATaCc2LqxVWzQGbk,https://api.spotify.com/v1/audio-analysis/5kqIPrATaCc2LqxVWzQGbk,237300,4,0
Despacito - Remix,Luis Fonsi,2018,0.653,0.816,2,-4.353,1,0.167,0.228,0,0.0967,0.816,178.085,audio_features,6rPO02ozF3bM7NnOV4h6s2,spotify:track:6rPO02ozF3bM7NnOV4h6s2,https://api.spotify.com/v1/tracks/6rPO02ozF3bM7NnOV4h6s2,https://api.spotify.com/v1/audio-analysis/6rPO02ozF3bM7NnOV4h6s2,228827,4,0
4:44,JAY-Z,2018,0.261,0.852,9,-4.965,1,0.158,0.139,4.26E-05,0.477,0.431,177.997,audio_features,1gT5TGwbkkkUliNzHRIGi1,spotify:track:1gT5TGwbkkkUliNzHRIGi1,https://api.spotify.com/v1/tracks/1gT5TGwbkkkUliNzHRIGi1,https://api.spotify.com/v1/audio-analysis/1gT5TGwbkkkUliNzHRIGi1,284493,4,0
Issues,Julia Michaels,2018,0.728,0.415,8,-6.852,1,0.0639,0.401,0,0.0616,0.455,114.145,audio_features,7vu0JkJh0ldukEYbTVcqd0,spotify:track:7vu0JkJh0ldukEYbTVcqd0,https://api.spotify.com/v1/tracks/7vu0JkJh0ldukEYbTVcqd0,https://api.spotify.com/v1/audio-analysis/7vu0JkJh0ldukEYbTVcqd0,176320,4,0
1-800-273-8255,Logic,2018,0.62,0.574,5,-7.788,0,0.0479,0.569,0,0.19,0.357,100.023,audio_features,5tz69p7tJuGPeMGwNTxYuV,spotify:track:5tz69p7tJuGPeMGwNTxYuV,https://api.spotify.com/v1/tracks/5tz69p7tJuGPeMGwNTxYuV,https://api.spotify.com/v1/audio-analysis/5tz69p7tJuGPeMGwNTxYuV,250173,4,0
All The Stars (with SZA),Kendrick Lamar,2019,0.698,0.633,8,-4.946,1,0.0597,0.0605,0.000194,0.0926,0.552,96.924,audio_features,3GCdLUSnKSMJhs4Tj6CV3s,spotify:track:3GCdLUSnKSMJhs4Tj6CV3s,https://api.spotify.com/v1/tracks/3GCdLUSnKSMJhs4Tj6CV3s,https://api.spotify.com/v1/audio-analysis/3GCdLUSnKSMJhs4Tj6CV3s,232187,4,0
Boo'd Up,Ella Mai,2019,0.561,0.779,10,-5.107,0,0.0531,0.0862,0,0.078,0.235,81.965,audio_features,0At2qAoaVjIwWNAqrscXli,spotify:track:0At2qAoaVjIwWNAqrscXli,https://api.spotify.com/v1/tracks/0At2qAoaVjIwWNAqrscXli,https://api.spotify.com/v1/audio-analysis/0At2qAoaVjIwWNAqrscXli,256064,4,0
God's Plan,Drake,2019,0.754,0.449,7,-9.211,1,0.109,0.0332,8.29E-05,0.552,0.357,77.169,audio_features,6DCZcSspjsKoFjzjrWoCdn,spotify:track:6DCZcSspjsKoFjzjrWoCdn,https://api.spotify.com/v1/tracks/6DCZcSspjsKoFjzjrWoCdn,https://api.spotify.com/v1/audio-analysis/6DCZcSspjsKoFjzjrWoCdn,198973,4,0
In My Blood,Shawn Mendes,2019,0.622,0.712,5,-7.321,1,0.066,0.0573,0,0.13,0.487,140.025,audio_features,2QZ7WLBE8h2y1Y5Fb8RYbH,spotify:track:2QZ7WLBE8h2y1Y5Fb8RYbH,https://api.spotify.com/v1/tracks/2QZ7WLBE8h2y1Y5Fb8RYbH,https://api.spotify.com/v1/audio-analysis/2QZ7WLBE8h2y1Y5Fb8RYbH,211360,4,0
The Joke,Brandi Carlile,2019,0.236,0.578,7,-5.477,1,0.0404,0.327,0.00015,0.206,0.227,75.367,audio_features,18k8IlS52uxRWObykDUZFG,spotify:track:18k8IlS52uxRWObykDUZFG,https://api.spotify.com/v1/tracks/18k8IlS52uxRWObykDUZFG,https://api.spotify.com/v1/audio-analysis/18k8IlS52uxRWObykDUZFG,279373,4,0
The Middle,Zedd,2019,0.753,0.657,7,-3.061,1,0.0449,0.171,0,0.112,0.437,107.01,audio_features,09IStsImFySgyp0pIQdqAc,spotify:track:09IStsImFySgyp0pIQdqAc,https://api.spotify.com/v1/tracks/09IStsImFySgyp0pIQdqAc,https://api.spotify.com/v1/audio-analysis/09IStsImFySgyp0pIQdqAc,184732,4,0
Shallow,Lady Gaga,2019,0.572,0.385,7,-6.362,1,0.0308,0.371,0,0.231,0.323,95.799,audio_features,2VxeLyX666F8uXCJ0dZF8B,spotify:track:2VxeLyX666F8uXCJ0dZF8B,https://api.spotify.com/v1/tracks/2VxeLyX666F8uXCJ0dZF8B,https://api.spotify.com/v1/audio-analysis/2VxeLyX666F8uXCJ0dZF8B,215733,4,0
Always Remember Us This Way,Lady Gaga,2020,0.553,0.502,0,-5.972,1,0.0409,0.299,0,0.764,0.296,129.976,audio_features,2rbDhOo9Fh61Bbu23T2qCk,spotify:track:2rbDhOo9Fh61Bbu23T2qCk,https://api.spotify.com/v1/tracks/2rbDhOo9Fh61Bbu23T2qCk,https://api.spotify.com/v1/audio-analysis/2rbDhOo9Fh61Bbu23T2qCk,210200,4,0
Bring My Flowers Now,Tanya Tucker,2020,0.557,0.198,4,-9.911,1,0.0461,0.948,8.79E-06,0.217,0.336,133.823,audio_features,7nx130yomv3fvvFD0fcGOG,spotify:track:7nx130yomv3fvvFD0fcGOG,https://api.spotify.com/v1/tracks/7nx130yomv3fvvFD0fcGOG,https://api.spotify.com/v1/audio-analysis/7nx130yomv3fvvFD0fcGOG,260360,4,0
Hard Place,H.E.R.,2020,0.614,0.719,9,-4.694,1,0.0955,0.179,1.72E-05,0.163,0.34,160.075,audio_features,4IablJ6SqVNGY4vrseyKxu,spotify:track:4IablJ6SqVNGY4vrseyKxu,https://api.spotify.com/v1/tracks/4IablJ6SqVNGY4vrseyKxu,https://api.spotify.com/v1/audio-analysis/4IablJ6SqVNGY4vrseyKxu,271733,4,0
Lover,Taylor Swift,2020,0.359,0.543,7,-7.582,1,0.0919,0.492,1.58E-05,0.118,0.453,68.534,audio_features,1dGr1c8CrMLDpV6mPbImSI,spotify:track:1dGr1c8CrMLDpV6mPbImSI,https://api.spotify.com/v1/tracks/1dGr1c8CrMLDpV6mPbImSI,https://api.spotify.com/v1/audio-analysis/1dGr1c8CrMLDpV6mPbImSI,221307,4,0
Norman fucking Rockwell,Lana Del Rey,2020,0.215,0.203,5,-12.65,1,0.0346,0.968,0.0585,0.0923,0.143,78.287,audio_features,3RIgHHpnFKj5Rni1shokDj,spotify:track:3RIgHHpnFKj5Rni1shokDj,https://api.spotify.com/v1/tracks/3RIgHHpnFKj5Rni1shokDj,https://api.spotify.com/v1/audio-analysis/3RIgHHpnFKj5Rni1shokDj,248934,1,0
Someone You Loved,Lewis Capaldi,2020,0.501,0.405,1,-5.679,1,0.0319,0.751,0,0.105,0.446,109.891,audio_features,7qEHsqek33rTcFNT9PFqLf,spotify:track:7qEHsqek33rTcFNT9PFqLf,https://api.spotify.com/v1/tracks/7qEHsqek33rTcFNT9PFqLf,https://api.spotify.com/v1/audio-analysis/7qEHsqek33rTcFNT9PFqLf,182161,4,0
Truth Hurts,Lizzo,2020,0.715,0.624,4,-3.046,0,0.114,0.11,0,0.123,0.412,158.087,audio_features,3HWzoMvoF3TQfYg4UPszDq,spotify:track:3HWzoMvoF3TQfYg4UPszDq,https://api.spotify.com/v1/tracks/3HWzoMvoF3TQfYg4UPszDq,https://api.spotify.com/v1/audio-analysis/3HWzoMvoF3TQfYg4UPszDq,173325,4,0
